Vehicle_ID,Model_Name,Battery_kWh,Range_km,Color,Purchase_Year,Mileage_km,City,Postal_Code,Owner_ID
EV0001,Nexon EV Max,40.3,480,Daisy White,2023,6684,Lalitpur,44700,OWN0057
EV0002,Nexon EV Prime,29.5,355,Intensi-Teal,2023,9057,Gorkha,34000,OWN0273
EV0003,Nexon EV Prime,34.2,347,Intensi-Teal,2022,826,Bharatpur,44200,OWN0323
EV0004,Punch EV,34.8,341,Calgary White,2022,12451,Mechinagar,57258,OWN0100
EV0005,Nexon EV Max,38.0,460,Intensi-Teal,2024,24202,Damak,57217,OWN0257
EV0006,Nexon EV Prime,31.3,312,Daytona Grey,2022,3803,Kathmandu,44600,OWN0027
EV0007,Tiago EV,23.8,288,Atomic Orange,2024,7812,Dhulikhel,45200,OWN0022
EV0008,Nexon EV Dark,40.1,466,Calgary White,2024,11724,Lalitpur,44700,OWN0089
EV0009,Nexon EV Max,40.2,465,Intensi-Teal,2023,5001,Lahan,56500,OWN0115
EV0010,Tigor EV,24.2,287,Daisy White,2024,7522,Nepalgunj,21900,OWN0363
EV0011,Tigor EV,27.8,295,Calgary White,2023,15388,Madhyapur Thimi,44811,OWN0001
EV0012,Tigor EV,25.6,282,Atomic Orange,2023,20678,Damak,57217,OWN0246
EV0013,Tiago EV,23.7,292,Intensi-Teal,2024,1193,Dharan,56700,OWN0170
EV0014,Tiago EV,22.4,289,Atomic Orange,2023,10253,Madhyapur Thimi,44811,OWN0382
EV0015,Tigor EV,25.4,311,Atomic Orange,2023,17663,Kapilvastu,32800,OWN0239
EV0016,Punch EV,31.6,323,Intensi-Teal,2023,4105,Tikapur,10916,OWN0186
EV0017,Tiago EV,24.3,298,Foliage Green,2023,11869,Birtamod,57204,OWN0032
EV0018,Nexon EV Dark,39.3,456,Flame Red,2022,17541,Tulsipur,22400,OWN0274
EV0019,Punch EV,32.8,324,Jet Black,2024,20944,Tansen,32500,OWN0112
EV0020,Tigor EV,25.7,312,Daytona Grey,2023,20233,Kathmandu,44600,OWN0094
EV0021,Punch EV,28.9,334,Foliage Green,2023,3720,Bharatpur,44200,OWN0328
EV0022,Nexon EV Max,40.3,454,Jet Black,2022,17611,Kapilvastu,32800,OWN0160
EV0023,Nexon EV Dark,41.4,454,Daisy White,2024,11195,Mechinagar,57258,OWN0422
EV0024,Punch EV,30.5,313,Jet Black,2023,505,Kathmandu,44600,OWN0270
EV0025,Tigor EV,26.1,292,Jet Black,2023,7110,Nepalgunj,21900,OWN0188
EV0026,Tiago EV,24.0,301,Foliage Green,2024,21364,Kapilvastu,32800,OWN0238
EV0027,Tiago EV,22.7,308,Daisy White,2024,13552,Jumla,21200,OWN0206
EV0028,Nexon EV Max,40.2,475,Daytona Grey,2024,14412,Kapilvastu,32800,OWN0390
EV0029,Punch EV,34.9,331,Calgary White,2023,16996,Pokhara,33700,OWN0039
EV0030,Tigor EV,27.5,284,Flame Red,2024,3170,Gorkha,34000,OWN0167
EV0031,Tiago EV,24.8,280,Intensi-Teal,2024,9295,Birendranagar,21700,OWN0116
EV0032,Tiago EV,22.7,300,Flame Red,2024,8524,Kirtipur,44618,OWN0441
EV0033,Nexon EV Max,40.4,457,Daytona Grey,2022,4225,Dailekh,21600,OWN0221
EV0034,Punch EV,33.2,362,Daisy White,2023,22521,Hetauda,44107,OWN0371
EV0035,Nexon EV Dark,39.5,479,Intensi-Teal,2023,12404,Panauti,45215,OWN0479
EV0036,Nexon EV Max,39.7,466,Flame Red,2024,6513,Birgunj,44300,OWN0471
EV0037,Tigor EV,27.1,283,Daisy White,2024,4005,Beni,33100,OWN0421
EV0038,Tigor EV,27.2,309,Intensi-Teal,2023,11852,Dhangadhi,10900,OWN0495
EV0039,Tigor EV,25.9,294,Jet Black,2023,7673,Lamjung,33600,OWN0149
EV0040,Nexon EV Dark,40.9,469,Intensi-Teal,2024,14663,Dhulikhel,45200,OWN0299
EV0041,Tiago EV,25.4,306,Jet Black,2023,14579,Janakpur,45600,OWN0348
EV0042,Nexon EV Dark,38.3,468,Jet Black,2022,19159,Birgunj,44300,OWN0402
EV0043,Nexon EV Prime,29.1,327,Calgary White,2022,17298,Gaur,44500,OWN0456
EV0044,Nexon EV Prime,33.4,311,Calgary White,2022,15504,Mahendranagar,10400,OWN0011
EV0045,Tiago EV,24.1,298,Atomic Orange,2022,1047,Itahari,56705,OWN0395
EV0046,Punch EV,32.8,326,Flame Red,2023,23609,Nepalgunj,21900,OWN0026
EV0047,Nexon EV Max,41.3,463,Jet Black,2024,22913,Bhaktapur,44800,OWN0136
EV0048,Punch EV,30.7,341,Jet Black,2022,20988,Biratnagar,56600,OWN0059
EV0049,Tigor EV,27.0,290,Flame Red,2022,15733,Beni,33100,OWN0022
EV0050,Tigor EV,25.8,281,Jet Black,2022,24577,Banepa,45210,OWN0335
EV0051,Tiago EV,25.3,293,Foliage Green,2024,14979,Kirtipur,44618,OWN0478
EV0052,Tigor EV,27.2,301,Jet Black,2024,12509,Mahendranagar,10400,OWN0040
EV0053,Punch EV,32.6,355,Foliage Green,2023,19270,Nepalgunj,21900,OWN0079
EV0054,Nexon EV Dark,40.7,473,Daisy White,2022,5143,Banepa,45210,OWN0040
EV0055,Nexon EV Max,38.8,450,Calgary White,2024,2591,Madhyapur Thimi,44811,OWN0149
EV0056,Punch EV,29.6,339,Daisy White,2024,2370,Madhyapur Thimi,44811,OWN0459
EV0057,Nexon EV Prime,34.6,334,Daisy White,2023,8012,Tansen,32500,OWN0043
EV0058,Nexon EV Dark,40.5,470,Daisy White,2022,15597,Jumla,21200,OWN0120
EV0059,Nexon EV Max,40.2,453,Intensi-Teal,2023,9430,Kapilvastu,32800,OWN0244
EV0060,Nexon EV Prime,32.7,345,Flame Red,2024,1049,Hetauda,44107,OWN0195
EV0061,Tiago EV,23.8,319,Daytona Grey,2022,3501,Bharatpur,44200,OWN0468
EV0062,Nexon EV Max,38.2,472,Intensi-Teal,2023,5189,Butwal,32900,OWN0370
EV0063,Nexon EV Dark,40.3,459,Atomic Orange,2024,23463,Bhairahawa,32907,OWN0272
EV0064,Punch EV,32.2,365,Calgary White,2024,21828,Jaleshwor,45700,OWN0130
EV0065,Tigor EV,26.8,306,Foliage Green,2022,24498,Rajbiraj,56400,OWN0146
EV0066,Nexon EV Dark,39.3,468,Daisy White,2023,21956,Tikapur,10916,OWN0214
EV0067,Tigor EV,25.7,293,Daytona Grey,2023,2210,Dharan,56700,OWN0300
EV0068,Nexon EV Prime,28.1,360,Atomic Orange,2024,772,Pokhara,33700,OWN0207
EV0069,Nexon EV Dark,42.0,467,Intensi-Teal,2022,19412,Attariya,10901,OWN0200
EV0070,Nexon EV Prime,30.5,310,Daytona Grey,2023,23760,Mechinagar,57258,OWN0391
EV0071,Nexon EV Max,38.7,473,Intensi-Teal,2022,17124,Tikapur,10916,OWN0277
EV0072,Nexon EV Dark,38.2,471,Jet Black,2022,19519,Tikapur,10916,OWN0224
EV0073,Nexon EV Dark,39.9,474,Foliage Green,2022,15283,Bharatpur,44200,OWN0483
EV0074,Nexon EV Prime,34.9,354,Calgary White,2023,18103,Kathmandu,44600,OWN0485
EV0075,Tigor EV,25.9,283,Daisy White,2023,21494,Birendranagar,21700,OWN0048
EV0076,Nexon EV Prime,29.0,342,Intensi-Teal,2023,3808,Jaleshwor,45700,OWN0435
EV0077,Nexon EV Prime,30.6,310,Intensi-Teal,2023,23579,Birtamod,57204,OWN0230
EV0078,Nexon EV Max,39.0,450,Atomic Orange,2024,1235,Pokhara,33700,OWN0450
EV0079,Punch EV,34.5,336,Calgary White,2024,669,Mahendranagar,10400,OWN0093
EV0080,Nexon EV Max,40.1,465,Daytona Grey,2022,9822,Janakpur,45600,OWN0012
EV0081,Tiago EV,23.3,300,Intensi-Teal,2024,8101,Gorkha,34000,OWN0192
EV0082,Punch EV,34.2,355,Jet Black,2023,15288,Panauti,45215,OWN0276
EV0083,Nexon EV Max,38.1,451,Daytona Grey,2022,4426,Kapilvastu,32800,OWN0304
EV0084,Tigor EV,26.9,297,Jet Black,2023,10696,Bhaktapur,44800,OWN0196
EV0085,Punch EV,34.4,317,Atomic Orange,2024,14404,Pokhara,33700,OWN0492
EV0086,Tiago EV,24.9,312,Atomic Orange,2022,1735,Itahari,56705,OWN0092
EV0087,Nexon EV Dark,40.3,463,Daisy White,2022,8515,Birendranagar,21700,OWN0245
EV0088,Tigor EV,24.9,286,Jet Black,2022,14023,Waling,33800,OWN0157
EV0089,Nexon EV Dark,38.6,467,Daytona Grey,2023,1492,Kapilvastu,32800,OWN0238
EV0090,Punch EV,28.2,355,Calgary White,2022,6364,Janakpur,45600,OWN0167
EV0091,Tiago EV,25.2,317,Atomic Orange,2023,8748,Attariya,10901,OWN0047
EV0092,Tigor EV,26.6,315,Atomic Orange,2024,15331,Tansen,32500,OWN0247
EV0093,Nexon EV Max,40.8,465,Calgary White,2022,23172,Bharatpur,44200,OWN0302
EV0094,Nexon EV Dark,39.6,454,Calgary White,2024,4100,Rajbiraj,56400,OWN0378
EV0095,Punch EV,34.7,324,Calgary White,2024,8202,Jumla,21200,OWN0102
EV0096,Nexon EV Max,39.0,454,Intensi-Teal,2023,13522,Dhulikhel,45200,OWN0459
EV0097,Nexon EV Max,40.6,474,Intensi-Teal,2023,16729,Beni,33100,OWN0304
EV0098,Nexon EV Max,38.8,469,Daisy White,2023,20061,Gaur,44500,OWN0147
EV0099,Punch EV,29.0,332,Daytona Grey,2022,23140,Waling,33800,OWN0280
EV0100,Tigor EV,24.5,296,Intensi-Teal,2022,19571,Waling,33800,OWN0311
EV0101,Tigor EV,26.2,283,Jet Black,2023,7426,Mahendranagar,10400,OWN0269
EV0102,Nexon EV Dark,38.4,476,Daytona Grey,2023,1549,Jumla,21200,OWN0347
EV0103,Tigor EV,27.0,282,Atomic Orange,2023,17667,Mechinagar,57258,OWN0046
EV0104,Tiago EV,22.4,297,Calgary White,2022,1883,Lahan,56500,OWN0054
EV0105,Punch EV,28.9,330,Foliage Green,2023,11864,Tulsipur,22400,OWN0243
EV0106,Nexon EV Dark,41.4,458,Atomic Orange,2024,13689,Bhaktapur,44800,OWN0450
EV0107,Tigor EV,25.6,307,Daisy White,2022,5362,Tulsipur,22400,OWN0434
EV0108,Punch EV,30.1,364,Calgary White,2023,13198,Jumla,21200,OWN0052
EV0109,Punch EV,31.2,358,Daisy White,2024,1450,Kirtipur,44618,OWN0200
EV0110,Tiago EV,22.5,303,Atomic Orange,2023,7338,Dhangadhi,10900,OWN0376
EV0111,Tiago EV,23.2,310,Foliage Green,2024,8697,Janakpur,45600,OWN0463
EV0112,Nexon EV Prime,35.0,351,Intensi-Teal,2022,1521,Tikapur,10916,OWN0199
EV0113,Nexon EV Max,41.0,454,Daytona Grey,2024,10771,Kirtipur,44618,OWN0230
EV0114,Tigor EV,27.7,291,Daisy White,2024,6687,Bhaktapur,44800,OWN0211
EV0115,Nexon EV Prime,28.6,310,Calgary White,2023,17924,Butwal,32900,OWN0372
EV0116,Punch EV,33.5,333,Foliage Green,2022,2420,Lamjung,33600,OWN0120
EV0117,Nexon EV Dark,38.8,464,Atomic Orange,2024,9878,Birendranagar,21700,OWN0252
EV0118,Tigor EV,24.3,316,Daisy White,2023,19068,Tansen,32500,OWN0098
EV0119,Punch EV,33.4,331,Calgary White,2023,20800,Hetauda,44107,OWN0363
EV0120,Tiago EV,23.9,308,Daisy White,2023,6445,Dharan,56700,OWN0091
EV0121,Nexon EV Prime,35.0,334,Intensi-Teal,2024,19173,Hetauda,44107,OWN0024
EV0122,Nexon EV Dark,39.5,470,Atomic Orange,2024,19389,Bhaktapur,44800,OWN0023
EV0123,Nexon EV Prime,34.6,344,Intensi-Teal,2023,14787,Lalitpur,44700,OWN0162
EV0124,Nexon EV Dark,41.0,459,Intensi-Teal,2022,11227,Kathmandu,44600,OWN0299
EV0125,Tiago EV,25.1,303,Daytona Grey,2022,14512,Kapilvastu,32800,OWN0371
EV0126,Nexon EV Max,41.5,469,Intensi-Teal,2023,14632,Madhyapur Thimi,44811,OWN0317
EV0127,Punch EV,32.3,359,Atomic Orange,2024,22367,Jaleshwor,45700,OWN0422
EV0128,Nexon EV Dark,38.2,473,Jet Black,2023,19816,Tansen,32500,OWN0048
EV0129,Tigor EV,25.2,297,Daytona Grey,2023,4020,Itahari,56705,OWN0362
EV0130,Nexon EV Dark,41.8,456,Flame Red,2022,11702,Birtamod,57204,OWN0173
EV0131,Nexon EV Dark,40.1,458,Calgary White,2023,8180,Dharan,56700,OWN0249
EV0132,Nexon EV Dark,39.7,475,Jet Black,2023,1847,Dharan,56700,OWN0177
EV0133,Nexon EV Max,40.6,453,Calgary White,2023,7149,Dhulikhel,45200,OWN0472
EV0134,Nexon EV Dark,39.6,476,Foliage Green,2024,13770,Birtamod,57204,OWN0249
EV0135,Nexon EV Dark,38.1,451,Atomic Orange,2023,21811,Baglung,33300,OWN0399
EV0136,Tiago EV,25.9,303,Intensi-Teal,2024,8073,Gaur,44500,OWN0037
EV0137,Nexon EV Dark,41.7,461,Flame Red,2023,14456,Bhaktapur,44800,OWN0255
EV0138,Punch EV,33.0,352,Jet Black,2023,17238,Attariya,10901,OWN0145
EV0139,Nexon EV Prime,32.6,322,Atomic Orange,2024,3131,Itahari,56705,OWN0140
EV0140,Punch EV,29.6,337,Jet Black,2023,4632,Gaur,44500,OWN0176
EV0141,Nexon EV Prime,29.5,351,Daytona Grey,2023,21183,Madhyapur Thimi,44811,OWN0364
EV0142,Punch EV,29.1,311,Flame Red,2022,21410,Kirtipur,44618,OWN0458
EV0143,Nexon EV Max,41.6,477,Daisy White,2024,14583,Nepalgunj,21900,OWN0410
EV0144,Nexon EV Dark,39.8,468,Jet Black,2022,10608,Itahari,56705,OWN0305
EV0145,Tigor EV,27.8,304,Intensi-Teal,2024,11527,Birendranagar,21700,OWN0194
EV0146,Nexon EV Dark,40.2,452,Jet Black,2022,17039,Butwal,32900,OWN0351
EV0147,Punch EV,30.1,349,Foliage Green,2022,10379,Dharan,56700,OWN0359
EV0148,Tigor EV,24.0,308,Daisy White,2022,5266,Damak,57217,OWN0296
EV0149,Tigor EV,27.6,287,Daisy White,2022,12883,Bhaktapur,44800,OWN0453
EV0150,Nexon EV Max,41.1,457,Foliage Green,2023,12339,Tulsipur,22400,OWN0151
EV0151,Nexon EV Prime,34.9,331,Calgary White,2024,2974,Butwal,32900,OWN0042
EV0152,Tiago EV,23.9,289,Jet Black,2022,1001,Lahan,56500,OWN0432
EV0153,Nexon EV Max,39.5,470,Foliage Green,2023,21220,Damak,57217,OWN0258
EV0154,Tigor EV,27.2,315,Atomic Orange,2022,8957,Biratnagar,56600,OWN0233
EV0155,Nexon EV Max,41.6,474,Flame Red,2023,3270,Dhulikhel,45200,OWN0339
EV0156,Tigor EV,24.7,304,Flame Red,2023,2422,Mahendranagar,10400,OWN0035
EV0157,Tigor EV,24.6,306,Flame Red,2022,22778,Gaur,44500,OWN0234
EV0158,Tigor EV,26.9,293,Jet Black,2022,13079,Gaur,44500,OWN0323
EV0159,Tiago EV,22.4,281,Daytona Grey,2023,18730,Hetauda,44107,OWN0099
EV0160,Nexon EV Prime,32.6,316,Jet Black,2024,22240,Waling,33800,OWN0132
EV0161,Nexon EV Prime,33.1,343,Jet Black,2022,18727,Butwal,32900,OWN0183
EV0162,Nexon EV Max,40.2,460,Jet Black,2022,13604,Rajbiraj,56400,OWN0016
EV0163,Tiago EV,22.4,300,Atomic Orange,2023,20571,Lahan,56500,OWN0301
EV0164,Tigor EV,24.3,318,Atomic Orange,2022,22921,Lamjung,33600,OWN0100
EV0165,Punch EV,30.8,352,Daytona Grey,2023,13352,Butwal,32900,OWN0096
EV0166,Tiago EV,25.6,303,Daisy White,2022,14495,Gorkha,34000,OWN0187
EV0167,Nexon EV Max,40.6,472,Daisy White,2023,7351,Pokhara,33700,OWN0248
EV0168,Tiago EV,25.5,310,Calgary White,2022,6607,Jumla,21200,OWN0099
EV0169,Tigor EV,25.1,296,Calgary White,2022,12365,Lalitpur,44700,OWN0283
EV0170,Nexon EV Prime,33.7,311,Intensi-Teal,2023,6235,Attariya,10901,OWN0264
EV0171,Nexon EV Dark,39.6,477,Flame Red,2023,4477,Bhairahawa,32907,OWN0195
EV0172,Punch EV,32.3,351,Intensi-Teal,2023,24996,Rajbiraj,56400,OWN0320
EV0173,Nexon EV Dark,41.0,452,Daisy White,2023,13751,Pokhara,33700,OWN0183
EV0174,Tigor EV,24.8,294,Flame Red,2022,6417,Nepalgunj,21900,OWN0123
EV0175,Punch EV,32.6,344,Daisy White,2024,17324,Dhulikhel,45200,OWN0416
EV0176,Nexon EV Max,40.9,467,Foliage Green,2023,5100,Rajbiraj,56400,OWN0143
EV0177,Tigor EV,26.9,282,Calgary White,2022,20007,Lalitpur,44700,OWN0181
EV0178,Tiago EV,23.4,302,Intensi-Teal,2023,15345,Nepalgunj,21900,OWN0120
EV0179,Punch EV,29.3,330,Intensi-Teal,2024,12779,Mahendranagar,10400,OWN0384
EV0180,Nexon EV Max,38.7,450,Flame Red,2022,21356,Rajbiraj,56400,OWN0106
EV0181,Nexon EV Prime,34.9,330,Jet Black,2024,14152,Birgunj,44300,OWN0304
EV0182,Tiago EV,23.9,293,Intensi-Teal,2023,12716,Panauti,45215,OWN0149
EV0183,Tigor EV,24.3,282,Jet Black,2022,23307,Lalitpur,44700,OWN0318
EV0184,Tigor EV,25.4,303,Intensi-Teal,2022,19818,Birgunj,44300,OWN0363
EV0185,Punch EV,32.0,322,Calgary White,2024,24354,Panauti,45215,OWN0110
EV0186,Tigor EV,25.4,305,Intensi-Teal,2022,23654,Kirtipur,44618,OWN0454
EV0187,Tigor EV,27.3,292,Foliage Green,2022,24929,Butwal,32900,OWN0441
EV0188,Nexon EV Dark,39.4,471,Daisy White,2024,12157,Pokhara,33700,OWN0355
EV0189,Nexon EV Max,38.2,475,Daisy White,2023,12982,Birgunj,44300,OWN0465
EV0190,Nexon EV Dark,41.1,468,Atomic Orange,2022,20642,Madhyapur Thimi,44811,OWN0066
EV0191,Nexon EV Max,40.2,461,Calgary White,2024,10629,Dharan,56700,OWN0193
EV0192,Punch EV,33.0,337,Calgary White,2023,10835,Bhaktapur,44800,OWN0192
EV0193,Nexon EV Max,41.1,462,Calgary White,2024,1258,Dhangadhi,10900,OWN0461
EV0194,Punch EV,32.7,313,Calgary White,2022,20983,Bhaktapur,44800,OWN0468
EV0195,Punch EV,32.3,330,Daytona Grey,2024,12671,Tulsipur,22400,OWN0061
EV0196,Tiago EV,25.3,292,Calgary White,2024,22227,Bhaktapur,44800,OWN0125
EV0197,Tiago EV,24.5,284,Atomic Orange,2024,5680,Hetauda,44107,OWN0198
EV0198,Nexon EV Max,38.6,460,Jet Black,2023,1090,Nepalgunj,21900,OWN0484
EV0199,Tigor EV,27.1,300,Calgary White,2022,22720,Gaur,44500,OWN0226
EV0200,Nexon EV Max,40.0,465,Intensi-Teal,2023,16335,Janakpur,45600,OWN0246
EV0201,Nexon EV Prime,31.2,366,Jet Black,2022,15501,Birendranagar,21700,OWN0062
EV0202,Tiago EV,24.6,315,Daytona Grey,2023,24802,Banepa,45210,OWN0466
EV0203,Nexon EV Dark,39.5,470,Daisy White,2023,17440,Bharatpur,44200,OWN0213
EV0204,Nexon EV Dark,40.3,452,Jet Black,2022,16900,Gaur,44500,OWN0430
EV0205,Punch EV,34.1,314,Jet Black,2023,9705,Kirtipur,44618,OWN0222
EV0206,Nexon EV Prime,29.9,353,Foliage Green,2024,11981,Lalitpur,44700,OWN0080
EV0207,Punch EV,31.7,317,Daytona Grey,2022,2188,Bhaktapur,44800,OWN0265
EV0208,Tigor EV,26.6,300,Atomic Orange,2022,11468,Dharan,56700,OWN0453
EV0209,Tiago EV,24.0,299,Intensi-Teal,2024,8099,Damak,57217,OWN0404
EV0210,Nexon EV Dark,38.2,462,Intensi-Teal,2023,1120,Mahendranagar,10400,OWN0342
EV0211,Tiago EV,23.5,313,Atomic Orange,2024,16015,Birtamod,57204,OWN0130
EV0212,Nexon EV Max,40.4,453,Calgary White,2022,6242,Lalitpur,44700,OWN0303
EV0213,Nexon EV Dark,41.1,456,Flame Red,2022,21559,Jumla,21200,OWN0317
EV0214,Nexon EV Dark,39.8,454,Intensi-Teal,2023,12004,Hetauda,44107,OWN0136
EV0215,Tigor EV,24.6,316,Daisy White,2023,3832,Tulsipur,22400,OWN0487
EV0216,Punch EV,29.4,318,Calgary White,2024,12212,Nepalgunj,21900,OWN0282
EV0217,Tiago EV,24.3,313,Intensi-Teal,2023,20008,Birendranagar,21700,OWN0265
EV0218,Punch EV,32.6,369,Intensi-Teal,2022,12620,Lalitpur,44700,OWN0186
EV0219,Nexon EV Max,41.0,466,Foliage Green,2022,10409,Baglung,33300,OWN0254
EV0220,Tigor EV,26.3,320,Jet Black,2022,20906,Jumla,21200,OWN0055
EV0221,Punch EV,31.6,323,Atomic Orange,2024,11185,Panauti,45215,OWN0446
EV0222,Nexon EV Prime,34.5,368,Daytona Grey,2024,8701,Hetauda,44107,OWN0347
EV0223,Nexon EV Prime,33.9,343,Jet Black,2024,948,Rajbiraj,56400,OWN0451
EV0224,Nexon EV Dark,41.0,450,Jet Black,2024,14236,Panauti,45215,OWN0434
EV0225,Tigor EV,25.1,286,Atomic Orange,2022,7161,Jaleshwor,45700,OWN0402
EV0226,Nexon EV Dark,41.5,480,Daisy White,2022,19676,Birendranagar,21700,OWN0276
EV0227,Tigor EV,27.9,303,Flame Red,2023,8143,Kathmandu,44600,OWN0089
EV0228,Nexon EV Max,38.4,464,Daytona Grey,2023,8920,Bhaktapur,44800,OWN0050
EV0229,Punch EV,31.4,354,Flame Red,2022,22288,Dhulikhel,45200,OWN0268
EV0230,Tiago EV,24.1,304,Calgary White,2023,14318,Bharatpur,44200,OWN0093
EV0231,Punch EV,34.5,369,Atomic Orange,2022,19665,Waling,33800,OWN0027
EV0232,Nexon EV Max,40.8,477,Atomic Orange,2023,24881,Lamjung,33600,OWN0446
EV0233,Nexon EV Max,40.2,479,Daytona Grey,2022,21726,Panauti,45215,OWN0291
EV0234,Nexon EV Dark,39.8,464,Foliage Green,2022,3343,Dailekh,21600,OWN0305
EV0235,Nexon EV Max,40.3,472,Foliage Green,2023,12008,Bhairahawa,32907,OWN0018
EV0236,Nexon EV Max,39.7,450,Flame Red,2023,6832,Tikapur,10916,OWN0432
EV0237,Tiago EV,22.1,292,Atomic Orange,2023,4956,Baglung,33300,OWN0102
EV0238,Nexon EV Dark,40.2,454,Foliage Green,2023,2144,Biratnagar,56600,OWN0208
EV0239,Tiago EV,22.2,294,Jet Black,2023,17507,Beni,33100,OWN0255
EV0240,Nexon EV Prime,31.3,314,Calgary White,2024,18780,Attariya,10901,OWN0265
EV0241,Nexon EV Prime,30.9,338,Flame Red,2024,755,Hetauda,44107,OWN0049
EV0242,Nexon EV Prime,30.6,316,Daytona Grey,2023,2240,Birtamod,57204,OWN0255
EV0243,Tigor EV,26.7,297,Foliage Green,2023,1731,Lahan,56500,OWN0270
EV0244,Nexon EV Dark,39.9,450,Foliage Green,2023,15065,Lalitpur,44700,OWN0324
EV0245,Tigor EV,26.2,288,Foliage Green,2024,7261,Damak,57217,OWN0143
EV0246,Nexon EV Max,40.8,472,Atomic Orange,2024,1511,Nepalgunj,21900,OWN0128
EV0247,Tigor EV,24.8,303,Atomic Orange,2024,12888,Gaur,44500,OWN0192
EV0248,Tigor EV,27.9,280,Daisy White,2023,10803,Baglung,33300,OWN0378
EV0249,Nexon EV Max,40.2,471,Jet Black,2024,12255,Tikapur,10916,OWN0263
EV0250,Nexon EV Max,38.1,468,Foliage Green,2022,3250,Janakpur,45600,OWN0269
EV0251,Punch EV,33.9,367,Foliage Green,2022,6605,Banepa,45210,OWN0040
EV0252,Tiago EV,23.9,304,Calgary White,2024,22660,Itahari,56705,OWN0184
EV0253,Tigor EV,24.3,303,Calgary White,2024,4771,Gorkha,34000,OWN0354
EV0254,Nexon EV Prime,29.3,349,Intensi-Teal,2023,23618,Attariya,10901,OWN0068
EV0255,Nexon EV Dark,39.4,456,Intensi-Teal,2022,16991,Bharatpur,44200,OWN0383
EV0256,Nexon EV Dark,41.4,473,Foliage Green,2024,7053,Jaleshwor,45700,OWN0437
EV0257,Nexon EV Dark,39.0,464,Atomic Orange,2024,8806,Rajbiraj,56400,OWN0149
EV0258,Nexon EV Prime,33.6,347,Jet Black,2023,17714,Tansen,32500,OWN0358
EV0259,Tiago EV,25.6,316,Jet Black,2022,7741,Kapilvastu,32800,OWN0171
EV0260,Punch EV,32.7,334,Atomic Orange,2022,9972,Lalitpur,44700,OWN0415
EV0261,Nexon EV Max,40.6,466,Atomic Orange,2024,11050,Mahendranagar,10400,OWN0452
EV0262,Tiago EV,24.9,319,Jet Black,2023,8343,Birgunj,44300,OWN0311
EV0263,Punch EV,29.3,366,Daytona Grey,2024,11344,Kapilvastu,32800,OWN0019
EV0264,Nexon EV Prime,29.2,328,Flame Red,2024,19247,Butwal,32900,OWN0046
EV0265,Punch EV,29.2,321,Intensi-Teal,2022,15090,Lalitpur,44700,OWN0435
EV0266,Nexon EV Max,38.5,462,Daisy White,2023,6352,Nepalgunj,21900,OWN0015
EV0267,Nexon EV Max,41.9,455,Jet Black,2022,9616,Gaur,44500,OWN0354
EV0268,Tigor EV,25.2,286,Jet Black,2024,4205,Mechinagar,57258,OWN0081
EV0269,Tigor EV,26.5,304,Flame Red,2024,17992,Gorkha,34000,OWN0487
EV0270,Nexon EV Prime,28.6,352,Calgary White,2023,20485,Jaleshwor,45700,OWN0357
EV0271,Tigor EV,26.8,315,Daisy White,2022,16789,Lalitpur,44700,OWN0005
EV0272,Nexon EV Max,38.2,478,Flame Red,2023,14021,Nepalgunj,21900,OWN0475
EV0273,Nexon EV Max,38.9,452,Flame Red,2023,16181,Kirtipur,44618,OWN0119
EV0274,Nexon EV Dark,41.7,458,Calgary White,2024,18841,Jumla,21200,OWN0017
EV0275,Tiago EV,24.7,313,Calgary White,2023,20602,Itahari,56705,OWN0052
EV0276,Nexon EV Max,40.9,478,Foliage Green,2024,22948,Tikapur,10916,OWN0202
EV0277,Nexon EV Prime,28.1,326,Atomic Orange,2022,656,Bharatpur,44200,OWN0290
EV0278,Tigor EV,27.9,280,Intensi-Teal,2024,7803,Lahan,56500,OWN0484
EV0279,Nexon EV Prime,29.2,356,Daytona Grey,2022,16465,Kathmandu,44600,OWN0111
EV0280,Tiago EV,23.1,304,Calgary White,2023,12061,Janakpur,45600,OWN0366
EV0281,Nexon EV Max,39.1,465,Intensi-Teal,2024,20693,Banepa,45210,OWN0002
EV0282,Nexon EV Dark,40.8,455,Daisy White,2023,21420,Baglung,33300,OWN0110
EV0283,Nexon EV Prime,32.8,345,Calgary White,2024,1619,Dhulikhel,45200,OWN0417
EV0284,Nexon EV Dark,39.8,454,Flame Red,2023,5220,Kirtipur,44618,OWN0401
EV0285,Punch EV,30.4,336,Daisy White,2023,5019,Bharatpur,44200,OWN0067
EV0286,Nexon EV Prime,33.9,344,Daytona Grey,2024,19962,Jaleshwor,45700,OWN0403
EV0287,Punch EV,31.3,334,Intensi-Teal,2024,5434,Baglung,33300,OWN0277
EV0288,Nexon EV Max,38.2,459,Daisy White,2023,16893,Damak,57217,OWN0126
EV0289,Tigor EV,25.7,295,Daytona Grey,2022,7221,Dhulikhel,45200,OWN0428
EV0290,Tigor EV,27.3,302,Daytona Grey,2022,1022,Gaur,44500,OWN0380
EV0291,Nexon EV Prime,31.3,365,Intensi-Teal,2022,4422,Tansen,32500,OWN0071
EV0292,Nexon EV Dark,41.5,458,Daisy White,2022,10741,Beni,33100,OWN0225
EV0293,Punch EV,33.2,366,Intensi-Teal,2022,1013,Hetauda,44107,OWN0215
EV0294,Tigor EV,26.3,294,Calgary White,2023,18191,Attariya,10901,OWN0064
EV0295,Punch EV,29.5,330,Intensi-Teal,2023,19018,Tulsipur,22400,OWN0379
EV0296,Tiago EV,23.7,309,Intensi-Teal,2022,2175,Kathmandu,44600,OWN0403
EV0297,Tigor EV,27.1,318,Foliage Green,2022,17294,Birgunj,44300,OWN0458
EV0298,Punch EV,29.0,365,Atomic Orange,2023,23686,Dhulikhel,45200,OWN0436
EV0299,Nexon EV Dark,40.2,453,Daytona Grey,2024,20835,Jaleshwor,45700,OWN0475
EV0300,Tigor EV,27.2,317,Calgary White,2023,18324,Itahari,56705,OWN0464
EV0301,Nexon EV Max,40.6,453,Calgary White,2023,2105,Birtamod,57204,OWN0064
EV0302,Nexon EV Max,41.9,469,Flame Red,2024,5328,Kirtipur,44618,OWN0483
EV0303,Nexon EV Prime,28.6,312,Flame Red,2022,3518,Gaur,44500,OWN0375
EV0304,Punch EV,29.4,330,Jet Black,2024,10217,Dhangadhi,10900,OWN0478
EV0305,Nexon EV Max,41.4,452,Calgary White,2022,13632,Bhairahawa,32907,OWN0099
EV0306,Tigor EV,25.7,289,Flame Red,2022,24181,Mechinagar,57258,OWN0262
EV0307,Punch EV,34.4,352,Calgary White,2024,23302,Dailekh,21600,OWN0432
EV0308,Nexon EV Dark,40.0,457,Calgary White,2023,19367,Waling,33800,OWN0090
EV0309,Nexon EV Dark,41.0,480,Calgary White,2024,22237,Madhyapur Thimi,44811,OWN0487
EV0310,Nexon EV Prime,34.3,331,Daytona Grey,2024,4805,Panauti,45215,OWN0236
EV0311,Tiago EV,22.3,302,Daisy White,2023,18038,Bharatpur,44200,OWN0021
EV0312,Tiago EV,22.8,296,Daytona Grey,2023,11326,Attariya,10901,OWN0455
EV0313,Nexon EV Max,39.2,464,Daisy White,2023,24813,Kapilvastu,32800,OWN0217
EV0314,Nexon EV Prime,34.3,360,Foliage Green,2024,9303,Janakpur,45600,OWN0020
EV0315,Tiago EV,23.7,290,Jet Black,2024,20403,Bhaktapur,44800,OWN0355
EV0316,Nexon EV Max,41.6,461,Daisy White,2022,22038,Gorkha,34000,OWN0140
EV0317,Nexon EV Dark,40.4,456,Daisy White,2024,16169,Butwal,32900,OWN0020
EV0318,Nexon EV Prime,29.6,312,Foliage Green,2024,15048,Jaleshwor,45700,OWN0087
EV0319,Punch EV,33.0,342,Jet Black,2022,23174,Banepa,45210,OWN0139
EV0320,Tiago EV,24.3,292,Jet Black,2022,20134,Rajbiraj,56400,OWN0426
EV0321,Tiago EV,23.8,283,Foliage Green,2024,18688,Kathmandu,44600,OWN0141
EV0322,Nexon EV Max,39.5,460,Calgary White,2022,6150,Nepalgunj,21900,OWN0488
EV0323,Punch EV,31.4,354,Flame Red,2022,2774,Madhyapur Thimi,44811,OWN0028
EV0324,Nexon EV Max,40.8,480,Daytona Grey,2024,16215,Kapilvastu,32800,OWN0241
EV0325,Tiago EV,22.6,298,Intensi-Teal,2023,20793,Itahari,56705,OWN0297
EV0326,Tiago EV,25.7,303,Atomic Orange,2024,9024,Bharatpur,44200,OWN0015
EV0327,Punch EV,30.2,330,Daisy White,2023,22509,Dhangadhi,10900,OWN0252
EV0328,Nexon EV Dark,40.4,460,Intensi-Teal,2022,21672,Tulsipur,22400,OWN0257
EV0329,Nexon EV Prime,31.8,365,Daytona Grey,2022,14204,Birgunj,44300,OWN0443
EV0330,Nexon EV Max,38.6,456,Intensi-Teal,2022,10175,Attariya,10901,OWN0059
EV0331,Nexon EV Max,40.5,464,Daisy White,2023,12660,Banepa,45210,OWN0498
EV0332,Nexon EV Prime,28.8,337,Jet Black,2023,23996,Madhyapur Thimi,44811,OWN0346
EV0333,Nexon EV Max,40.6,467,Calgary White,2023,6278,Gorkha,34000,OWN0021
EV0334,Nexon EV Prime,31.0,332,Calgary White,2023,20879,Mechinagar,57258,OWN0489
EV0335,Nexon EV Dark,38.6,461,Daisy White,2024,13694,Gorkha,34000,OWN0416
EV0336,Nexon EV Max,41.9,455,Daytona Grey,2023,5165,Dailekh,21600,OWN0200
EV0337,Nexon EV Dark,41.0,454,Atomic Orange,2024,16109,Attariya,10901,OWN0208
EV0338,Nexon EV Max,38.7,464,Atomic Orange,2022,15486,Waling,33800,OWN0425
EV0339,Tigor EV,27.5,287,Foliage Green,2022,10620,Butwal,32900,OWN0489
EV0340,Tiago EV,24.3,302,Flame Red,2022,12862,Tulsipur,22400,OWN0157
EV0341,Nexon EV Max,41.2,454,Daisy White,2024,9665,Baglung,33300,OWN0181
EV0342,Tiago EV,22.6,286,Calgary White,2024,506,Madhyapur Thimi,44811,OWN0271
EV0343,Tigor EV,27.2,285,Calgary White,2023,23175,Gorkha,34000,OWN0268
EV0344,Nexon EV Prime,29.6,342,Foliage Green,2024,873,Tikapur,10916,OWN0266
EV0345,Nexon EV Prime,31.5,320,Daytona Grey,2022,18832,Hetauda,44107,OWN0366
EV0346,Nexon EV Dark,39.2,468,Atomic Orange,2022,15883,Bhaktapur,44800,OWN0398
EV0347,Tiago EV,23.3,300,Flame Red,2024,15177,Tikapur,10916,OWN0295
EV0348,Tigor EV,25.3,280,Flame Red,2022,6682,Banepa,45210,OWN0039
EV0349,Tiago EV,25.0,281,Calgary White,2024,18511,Dhulikhel,45200,OWN0468
EV0350,Nexon EV Dark,41.8,479,Calgary White,2022,2237,Lamjung,33600,OWN0335
EV0351,Nexon EV Prime,30.2,318,Jet Black,2024,19843,Dharan,56700,OWN0469
EV0352,Tiago EV,24.1,280,Jet Black,2024,8654,Tansen,32500,OWN0336
EV0353,Tigor EV,27.5,303,Atomic Orange,2024,12030,Lahan,56500,OWN0290
EV0354,Nexon EV Prime,34.7,353,Atomic Orange,2023,9647,Baglung,33300,OWN0419
EV0355,Punch EV,28.1,338,Jet Black,2022,17069,Jumla,21200,OWN0325
EV0356,Nexon EV Max,39.8,470,Jet Black,2023,6882,Dharan,56700,OWN0362
EV0357,Punch EV,30.1,332,Foliage Green,2022,6945,Dailekh,21600,OWN0391
EV0358,Nexon EV Prime,32.8,312,Intensi-Teal,2022,5248,Gorkha,34000,OWN0058
EV0359,Nexon EV Prime,31.6,353,Atomic Orange,2022,19422,Janakpur,45600,OWN0208
EV0360,Nexon EV Dark,40.8,450,Jet Black,2024,3677,Mahendranagar,10400,OWN0286
EV0361,Tigor EV,27.1,287,Intensi-Teal,2023,19630,Waling,33800,OWN0008
EV0362,Nexon EV Max,40.9,473,Daisy White,2022,19863,Madhyapur Thimi,44811,OWN0070
EV0363,Punch EV,33.0,343,Daytona Grey,2023,1056,Tansen,32500,OWN0249
EV0364,Tigor EV,26.4,297,Daisy White,2023,8262,Gaur,44500,OWN0374
EV0365,Tiago EV,25.8,286,Flame Red,2024,16601,Bhaktapur,44800,OWN0195
EV0366,Nexon EV Dark,38.3,470,Atomic Orange,2023,18834,Beni,33100,OWN0052
EV0367,Nexon EV Prime,31.0,319,Flame Red,2023,22934,Butwal,32900,OWN0133
EV0368,Nexon EV Dark,41.0,455,Daisy White,2023,16535,Kapilvastu,32800,OWN0083
EV0369,Tiago EV,23.3,315,Flame Red,2024,842,Jaleshwor,45700,OWN0335
EV0370,Nexon EV Prime,30.0,367,Daisy White,2022,10107,Baglung,33300,OWN0114
EV0371,Tiago EV,22.1,280,Daisy White,2023,2858,Tulsipur,22400,OWN0026
EV0372,Tigor EV,25.4,284,Daisy White,2022,12064,Rajbiraj,56400,OWN0466
EV0373,Nexon EV Prime,33.5,355,Daytona Grey,2022,14615,Butwal,32900,OWN0429
EV0374,Nexon EV Prime,34.3,368,Calgary White,2022,19991,Bharatpur,44200,OWN0038
EV0375,Tiago EV,23.1,309,Daisy White,2022,8206,Waling,33800,OWN0030
EV0376,Nexon EV Max,40.7,456,Daisy White,2022,7680,Lahan,56500,OWN0359
EV0377,Tigor EV,25.5,292,Intensi-Teal,2023,892,Rajbiraj,56400,OWN0418
EV0378,Punch EV,31.5,361,Atomic Orange,2024,24910,Dhangadhi,10900,OWN0354
EV0379,Nexon EV Max,40.8,465,Flame Red,2022,16961,Damak,57217,OWN0024
EV0380,Nexon EV Max,40.1,479,Jet Black,2023,18792,Jumla,21200,OWN0130
EV0381,Nexon EV Dark,39.4,472,Calgary White,2024,5606,Tikapur,10916,OWN0270
EV0382,Punch EV,31.4,351,Calgary White,2023,16840,Dharan,56700,OWN0147
EV0383,Tigor EV,27.3,293,Daytona Grey,2024,5930,Birtamod,57204,OWN0138
EV0384,Nexon EV Prime,30.3,312,Flame Red,2022,5376,Butwal,32900,OWN0073
EV0385,Nexon EV Prime,31.6,316,Intensi-Teal,2024,24382,Butwal,32900,OWN0269
EV0386,Nexon EV Prime,30.1,326,Daisy White,2023,22745,Dhulikhel,45200,OWN0349
EV0387,Tigor EV,24.7,307,Intensi-Teal,2022,7697,Nepalgunj,21900,OWN0479
EV0388,Tigor EV,26.7,284,Foliage Green,2023,7061,Attariya,10901,OWN0258
EV0389,Nexon EV Prime,30.5,312,Intensi-Teal,2023,16685,Kirtipur,44618,OWN0055
EV0390,Nexon EV Max,40.1,471,Daisy White,2022,2113,Baglung,33300,OWN0225
EV0391,Nexon EV Max,40.5,454,Atomic Orange,2022,6755,Damak,57217,OWN0419
EV0392,Punch EV,30.6,329,Daytona Grey,2024,11984,Lalitpur,44700,OWN0332
EV0393,Tigor EV,26.4,308,Daisy White,2022,16672,Birgunj,44300,OWN0368
EV0394,Tigor EV,26.9,287,Daisy White,2024,2749,Tulsipur,22400,OWN0266
EV0395,Punch EV,33.6,324,Daisy White,2023,11888,Birendranagar,21700,OWN0352
EV0396,Tigor EV,26.7,301,Intensi-Teal,2024,20827,Biratnagar,56600,OWN0052
EV0397,Punch EV,31.1,344,Daisy White,2023,17348,Jumla,21200,OWN0428
EV0398,Nexon EV Prime,34.3,354,Calgary White,2023,12954,Dailekh,21600,OWN0271
EV0399,Nexon EV Prime,33.2,319,Intensi-Teal,2023,8387,Mahendranagar,10400,OWN0401
EV0400,Nexon EV Max,38.1,479,Intensi-Teal,2023,23580,Tulsipur,22400,OWN0265
EV0401,Punch EV,34.2,339,Jet Black,2023,3053,Mahendranagar,10400,OWN0212
EV0402,Punch EV,30.1,341,Atomic Orange,2023,16859,Attariya,10901,OWN0225
EV0403,Nexon EV Dark,38.6,450,Atomic Orange,2024,21152,Beni,33100,OWN0263
EV0404,Punch EV,31.3,314,Daisy White,2022,23989,Nepalgunj,21900,OWN0238
EV0405,Punch EV,28.7,360,Daisy White,2022,1917,Butwal,32900,OWN0152
EV0406,Punch EV,30.2,338,Foliage Green,2022,7346,Rajbiraj,56400,OWN0346
EV0407,Nexon EV Max,40.8,463,Daytona Grey,2024,9530,Beni,33100,OWN0024
EV0408,Nexon EV Max,38.6,476,Intensi-Teal,2022,18372,Janakpur,45600,OWN0228
EV0409,Nexon EV Dark,39.6,480,Calgary White,2024,17390,Waling,33800,OWN0215
EV0410,Tiago EV,24.6,311,Foliage Green,2022,18839,Mechinagar,57258,OWN0257
EV0411,Tiago EV,22.5,301,Flame Red,2023,6360,Biratnagar,56600,OWN0463
EV0412,Punch EV,29.2,334,Jet Black,2023,5691,Lahan,56500,OWN0305
EV0413,Tiago EV,25.9,292,Jet Black,2022,13719,Jaleshwor,45700,OWN0050
EV0414,Nexon EV Max,39.4,459,Intensi-Teal,2023,10728,Jumla,21200,OWN0243
EV0415,Tigor EV,27.3,290,Intensi-Teal,2022,19272,Birtamod,57204,OWN0489
EV0416,Nexon EV Dark,42.0,477,Atomic Orange,2022,24337,Dharan,56700,OWN0284
EV0417,Tigor EV,27.1,280,Atomic Orange,2023,11608,Dharan,56700,OWN0391
EV0418,Punch EV,31.1,352,Daisy White,2022,17495,Dhulikhel,45200,OWN0449
EV0419,Nexon EV Prime,31.6,330,Flame Red,2023,21470,Kathmandu,44600,OWN0319
EV0420,Tigor EV,25.8,288,Intensi-Teal,2022,21862,Bhairahawa,32907,OWN0065
EV0421,Nexon EV Prime,33.3,367,Atomic Orange,2022,24868,Mahendranagar,10400,OWN0496
EV0422,Tigor EV,26.5,294,Atomic Orange,2022,22726,Kirtipur,44618,OWN0208
EV0423,Nexon EV Prime,28.8,341,Foliage Green,2024,12984,Attariya,10901,OWN0417
EV0424,Tiago EV,25.1,312,Foliage Green,2022,10719,Lamjung,33600,OWN0062
EV0425,Punch EV,34.5,346,Flame Red,2024,18025,Hetauda,44107,OWN0425
EV0426,Tiago EV,24.2,284,Flame Red,2024,18092,Pokhara,33700,OWN0221
EV0427,Punch EV,34.3,329,Flame Red,2022,2938,Pokhara,33700,OWN0020
EV0428,Nexon EV Max,40.9,460,Foliage Green,2024,11608,Rajbiraj,56400,OWN0103
EV0429,Punch EV,29.7,358,Atomic Orange,2022,21342,Jaleshwor,45700,OWN0333
EV0430,Tigor EV,27.5,280,Jet Black,2022,10219,Butwal,32900,OWN0432
EV0431,Punch EV,34.7,332,Intensi-Teal,2022,10261,Attariya,10901,OWN0089
EV0432,Tigor EV,26.5,282,Foliage Green,2024,15054,Attariya,10901,OWN0096
EV0433,Nexon EV Prime,34.2,336,Flame Red,2022,17646,Tulsipur,22400,OWN0354
EV0434,Tiago EV,23.0,306,Daytona Grey,2024,15484,Birgunj,44300,OWN0461
EV0435,Nexon EV Dark,39.6,456,Atomic Orange,2024,19167,Tulsipur,22400,OWN0359
EV0436,Nexon EV Prime,29.0,341,Flame Red,2023,18439,Madhyapur Thimi,44811,OWN0089
EV0437,Nexon EV Max,40.0,465,Flame Red,2022,22567,Tulsipur,22400,OWN0356
EV0438,Nexon EV Prime,28.5,334,Intensi-Teal,2024,1551,Beni,33100,OWN0043
EV0439,Tigor EV,27.0,320,Atomic Orange,2023,14002,Bhaktapur,44800,OWN0269
EV0440,Tigor EV,26.1,312,Daytona Grey,2022,4908,Kapilvastu,32800,OWN0373
EV0441,Tiago EV,24.6,302,Foliage Green,2024,2334,Kirtipur,44618,OWN0335
EV0442,Nexon EV Max,39.2,464,Atomic Orange,2023,24812,Damak,57217,OWN0349
EV0443,Tiago EV,25.0,320,Intensi-Teal,2022,21613,Dharan,56700,OWN0027
EV0444,Tigor EV,27.6,300,Flame Red,2023,13078,Dhangadhi,10900,OWN0309
EV0445,Tigor EV,26.7,320,Daisy White,2022,18505,Mechinagar,57258,OWN0302
EV0446,Nexon EV Max,40.7,463,Foliage Green,2024,3178,Dhulikhel,45200,OWN0028
EV0447,Tigor EV,27.0,307,Daisy White,2022,7443,Dailekh,21600,OWN0068
EV0448,Tigor EV,26.2,292,Atomic Orange,2022,7841,Tulsipur,22400,OWN0500
EV0449,Nexon EV Dark,38.4,470,Flame Red,2022,4136,Attariya,10901,OWN0290
EV0450,Tigor EV,26.2,300,Intensi-Teal,2024,10386,Kathmandu,44600,OWN0068
EV0451,Tiago EV,22.4,293,Jet Black,2023,2206,Madhyapur Thimi,44811,OWN0154
EV0452,Nexon EV Max,41.7,457,Flame Red,2024,12043,Biratnagar,56600,OWN0285
EV0453,Punch EV,32.6,316,Foliage Green,2022,20933,Banepa,45210,OWN0075
EV0454,Punch EV,32.6,310,Foliage Green,2024,17300,Pokhara,33700,OWN0351
EV0455,Nexon EV Prime,28.2,346,Jet Black,2024,9437,Banepa,45210,OWN0074
EV0456,Punch EV,32.3,370,Calgary White,2024,13578,Tansen,32500,OWN0302
EV0457,Tigor EV,24.1,282,Calgary White,2023,14735,Jumla,21200,OWN0148
EV0458,Nexon EV Dark,40.9,470,Intensi-Teal,2022,3196,Bhairahawa,32907,OWN0149
EV0459,Nexon EV Dark,38.9,461,Atomic Orange,2023,17540,Dhulikhel,45200,OWN0207
EV0460,Nexon EV Max,39.5,451,Daisy White,2022,18674,Birtamod,57204,OWN0068
EV0461,Punch EV,33.9,363,Intensi-Teal,2024,11581,Baglung,33300,OWN0093
EV0462,Tiago EV,25.1,280,Flame Red,2024,23937,Itahari,56705,OWN0105
EV0463,Punch EV,29.1,341,Intensi-Teal,2023,1777,Banepa,45210,OWN0228
EV0464,Nexon EV Max,38.2,468,Atomic Orange,2024,10038,Kapilvastu,32800,OWN0032
EV0465,Nexon EV Prime,32.7,360,Flame Red,2024,1576,Dharan,56700,OWN0328
EV0466,Punch EV,34.6,331,Daytona Grey,2022,24133,Butwal,32900,OWN0432
EV0467,Tiago EV,24.9,295,Daisy White,2023,10007,Banepa,45210,OWN0305
EV0468,Nexon EV Dark,39.0,479,Calgary White,2022,12001,Tikapur,10916,OWN0087
EV0469,Nexon EV Max,40.3,454,Atomic Orange,2023,10946,Dhulikhel,45200,OWN0148
EV0470,Nexon EV Max,41.1,471,Daisy White,2023,19456,Itahari,56705,OWN0386
EV0471,Nexon EV Dark,38.4,473,Calgary White,2022,15930,Attariya,10901,OWN0488
EV0472,Tiago EV,23.0,312,Jet Black,2022,19402,Bhaktapur,44800,OWN0376
EV0473,Punch EV,28.4,367,Calgary White,2023,19401,Jaleshwor,45700,OWN0432
EV0474,Nexon EV Dark,38.1,450,Foliage Green,2022,23342,Janakpur,45600,OWN0099
EV0475,Nexon EV Dark,38.9,471,Daisy White,2022,1267,Dharan,56700,OWN0160
EV0476,Nexon EV Dark,38.7,479,Calgary White,2022,4936,Janakpur,45600,OWN0461
EV0477,Nexon EV Max,40.6,461,Atomic Orange,2023,20324,Gorkha,34000,OWN0083
EV0478,Nexon EV Dark,39.2,457,Calgary White,2022,18580,Nepalgunj,21900,OWN0442
EV0479,Tiago EV,25.0,309,Atomic Orange,2023,1811,Baglung,33300,OWN0233
EV0480,Nexon EV Max,39.3,477,Flame Red,2024,20936,Madhyapur Thimi,44811,OWN0291
EV0481,Tigor EV,26.1,310,Flame Red,2022,23607,Kapilvastu,32800,OWN0292
EV0482,Tiago EV,25.9,280,Foliage Green,2024,22879,Gaur,44500,OWN0190
EV0483,Nexon EV Prime,29.6,329,Calgary White,2024,1155,Tulsipur,22400,OWN0135
EV0484,Nexon EV Max,40.2,464,Calgary White,2023,24975,Tansen,32500,OWN0411
EV0485,Nexon EV Prime,29.8,332,Daisy White,2024,12655,Nepalgunj,21900,OWN0238
EV0486,Tigor EV,27.7,286,Flame Red,2024,15967,Attariya,10901,OWN0106
EV0487,Tigor EV,26.6,280,Foliage Green,2023,8909,Mechinagar,57258,OWN0185
EV0488,Tigor EV,24.9,309,Intensi-Teal,2022,6703,Biratnagar,56600,OWN0124
EV0489,Tiago EV,25.0,286,Foliage Green,2022,11522,Jumla,21200,OWN0469
EV0490,Tigor EV,27.6,309,Flame Red,2024,21099,Beni,33100,OWN0392
EV0491,Tigor EV,26.1,281,Calgary White,2024,20108,Kapilvastu,32800,OWN0154
EV0492,Nexon EV Prime,29.4,325,Daytona Grey,2024,15143,Birendranagar,21700,OWN0205
EV0493,Tiago EV,23.0,291,Jet Black,2023,23285,Tulsipur,22400,OWN0054
EV0494,Nexon EV Prime,29.2,324,Calgary White,2023,824,Birendranagar,21700,OWN0120
EV0495,Nexon EV Dark,38.7,470,Intensi-Teal,2022,6140,Biratnagar,56600,OWN0493
EV0496,Nexon EV Max,38.1,475,Foliage Green,2023,22679,Lamjung,33600,OWN0289
EV0497,Punch EV,30.0,321,Jet Black,2023,10051,Dhangadhi,10900,OWN0012
EV0498,Tigor EV,24.5,312,Daisy White,2023,2075,Hetauda,44107,OWN0195
EV0499,Nexon EV Prime,34.0,360,Intensi-Teal,2024,11883,Pokhara,33700,OWN0192
EV0500,Nexon EV Prime,29.0,314,Daytona Grey,2024,9520,Nepalgunj,21900,OWN0284
EV0501,Punch EV,32.9,326,Daisy White,2022,10068,Bharatpur,44200,OWN0038
EV0502,Tigor EV,26.5,287,Calgary White,2024,2905,Lalitpur,44700,OWN0443
EV0503,Tigor EV,25.6,317,Atomic Orange,2022,23082,Dailekh,21600,OWN0402
EV0504,Nexon EV Dark,40.0,463,Atomic Orange,2022,16041,Jaleshwor,45700,OWN0102
EV0505,Nexon EV Prime,33.1,345,Flame Red,2023,24906,Waling,33800,OWN0162
EV0506,Punch EV,29.5,334,Intensi-Teal,2024,9345,Hetauda,44107,OWN0454
EV0507,Tigor EV,24.8,312,Daytona Grey,2022,9950,Kathmandu,44600,OWN0341
EV0508,Nexon EV Prime,28.5,333,Flame Red,2022,8789,Lahan,56500,OWN0142
EV0509,Punch EV,33.5,340,Calgary White,2023,3046,Rajbiraj,56400,OWN0055
EV0510,Tigor EV,27.3,284,Foliage Green,2022,21463,Waling,33800,OWN0303
EV0511,Tiago EV,23.9,288,Intensi-Teal,2024,6746,Biratnagar,56600,OWN0202
EV0512,Tiago EV,25.0,313,Calgary White,2023,5829,Bhaktapur,44800,OWN0145
EV0513,Tiago EV,23.7,298,Daytona Grey,2024,5518,Gaur,44500,OWN0224
EV0514,Punch EV,33.8,364,Atomic Orange,2023,21462,Bharatpur,44200,OWN0105
EV0515,Punch EV,33.9,360,Atomic Orange,2022,12708,Nepalgunj,21900,OWN0023
EV0516,Nexon EV Dark,40.2,458,Flame Red,2022,6749,Jaleshwor,45700,OWN0373
EV0517,Nexon EV Prime,34.3,349,Intensi-Teal,2024,18742,Gorkha,34000,OWN0093
EV0518,Nexon EV Prime,32.3,335,Intensi-Teal,2023,15309,Birgunj,44300,OWN0097
EV0519,Tiago EV,23.3,291,Calgary White,2023,6899,Pokhara,33700,OWN0102
EV0520,Nexon EV Max,40.3,453,Jet Black,2024,13085,Hetauda,44107,OWN0018
EV0521,Punch EV,28.4,362,Daisy White,2022,5825,Beni,33100,OWN0074
EV0522,Nexon EV Dark,39.4,459,Atomic Orange,2022,13020,Bhairahawa,32907,OWN0109
EV0523,Punch EV,30.2,355,Daisy White,2022,19806,Kapilvastu,32800,OWN0210
EV0524,Nexon EV Max,38.5,459,Calgary White,2023,22585,Waling,33800,OWN0369
EV0525,Punch EV,29.0,315,Jet Black,2022,18575,Itahari,56705,OWN0203
EV0526,Nexon EV Dark,39.0,454,Intensi-Teal,2022,21812,Banepa,45210,OWN0436
EV0527,Tigor EV,26.7,312,Daytona Grey,2024,4750,Hetauda,44107,OWN0101
EV0528,Nexon EV Max,39.6,474,Intensi-Teal,2022,18958,Baglung,33300,OWN0246
EV0529,Punch EV,32.0,338,Atomic Orange,2024,22029,Tulsipur,22400,OWN0034
EV0530,Punch EV,30.6,338,Flame Red,2024,11364,Tansen,32500,OWN0016
EV0531,Tiago EV,25.5,298,Flame Red,2023,24450,Damak,57217,OWN0110
EV0532,Tigor EV,24.5,314,Atomic Orange,2022,23400,Birtamod,57204,OWN0481
EV0533,Nexon EV Max,40.4,457,Flame Red,2023,18451,Waling,33800,OWN0446
EV0534,Nexon EV Max,40.4,457,Intensi-Teal,2022,16035,Dhangadhi,10900,OWN0127
EV0535,Punch EV,34.1,352,Daytona Grey,2024,24247,Tikapur,10916,OWN0282
EV0536,Tiago EV,23.4,302,Foliage Green,2022,4632,Gaur,44500,OWN0287
EV0537,Nexon EV Prime,28.1,328,Jet Black,2024,6044,Lalitpur,44700,OWN0364
EV0538,Tigor EV,25.8,288,Foliage Green,2023,18850,Dharan,56700,OWN0264
EV0539,Nexon EV Max,38.5,472,Foliage Green,2023,21075,Attariya,10901,OWN0314
EV0540,Punch EV,29.6,366,Intensi-Teal,2022,17581,Rajbiraj,56400,OWN0274
EV0541,Nexon EV Prime,33.2,359,Calgary White,2023,23693,Damak,57217,OWN0381
EV0542,Punch EV,33.1,334,Daytona Grey,2022,19870,Rajbiraj,56400,OWN0397
EV0543,Nexon EV Max,41.6,470,Calgary White,2024,17648,Gorkha,34000,OWN0125
EV0544,Tigor EV,25.2,300,Atomic Orange,2024,18525,Lamjung,33600,OWN0424
EV0545,Punch EV,31.2,316,Jet Black,2023,17111,Beni,33100,OWN0010
EV0546,Tigor EV,25.3,289,Intensi-Teal,2024,11556,Janakpur,45600,OWN0281
EV0547,Tigor EV,26.3,288,Foliage Green,2023,1410,Rajbiraj,56400,OWN0187
EV0548,Nexon EV Dark,40.9,457,Flame Red,2022,19308,Lalitpur,44700,OWN0229
EV0549,Tigor EV,25.4,307,Flame Red,2023,4917,Birtamod,57204,OWN0213
EV0550,Nexon EV Dark,38.8,478,Foliage Green,2022,22540,Baglung,33300,OWN0360
EV0551,Nexon EV Dark,39.9,477,Foliage Green,2022,12931,Lamjung,33600,OWN0392
EV0552,Nexon EV Dark,41.7,454,Daytona Grey,2024,20492,Baglung,33300,OWN0075
EV0553,Tigor EV,27.4,286,Calgary White,2022,12784,Beni,33100,OWN0257
EV0554,Nexon EV Prime,30.5,363,Atomic Orange,2022,20649,Itahari,56705,OWN0169
EV0555,Nexon EV Prime,33.7,359,Calgary White,2022,14405,Janakpur,45600,OWN0271
EV0556,Tiago EV,24.8,311,Jet Black,2022,10159,Kapilvastu,32800,OWN0213
EV0557,Tigor EV,27.6,289,Jet Black,2024,7719,Jumla,21200,OWN0415
EV0558,Punch EV,34.8,332,Flame Red,2024,23398,Tulsipur,22400,OWN0188
EV0559,Tiago EV,24.6,311,Foliage Green,2022,718,Nepalgunj,21900,OWN0145
EV0560,Tigor EV,25.5,286,Flame Red,2023,8637,Biratnagar,56600,OWN0177
EV0561,Tiago EV,23.5,292,Jet Black,2024,10617,Banepa,45210,OWN0093
EV0562,Nexon EV Max,41.4,455,Daytona Grey,2024,13969,Butwal,32900,OWN0366
EV0563,Nexon EV Max,42.0,472,Intensi-Teal,2022,23995,Birtamod,57204,OWN0332
EV0564,Punch EV,30.0,334,Atomic Orange,2024,20491,Dhangadhi,10900,OWN0173
EV0565,Tigor EV,25.2,303,Atomic Orange,2023,2659,Birtamod,57204,OWN0147
EV0566,Nexon EV Max,39.2,458,Foliage Green,2022,1038,Pokhara,33700,OWN0279
EV0567,Punch EV,29.2,318,Jet Black,2024,1269,Banepa,45210,OWN0361
EV0568,Punch EV,29.3,338,Daytona Grey,2024,16011,Butwal,32900,OWN0407
EV0569,Nexon EV Dark,40.8,471,Calgary White,2022,19665,Tulsipur,22400,OWN0135
EV0570,Punch EV,35.0,359,Daytona Grey,2022,8774,Jumla,21200,OWN0123
EV0571,Nexon EV Prime,28.8,315,Intensi-Teal,2023,875,Gorkha,34000,OWN0340
EV0572,Nexon EV Max,38.3,451,Intensi-Teal,2023,3576,Dharan,56700,OWN0041
EV0573,Tiago EV,25.9,317,Intensi-Teal,2022,10092,Beni,33100,OWN0166
EV0574,Tigor EV,24.5,283,Jet Black,2022,6358,Kapilvastu,32800,OWN0484
EV0575,Punch EV,29.5,324,Jet Black,2023,10732,Panauti,45215,OWN0033
EV0576,Nexon EV Dark,41.0,476,Daisy White,2024,8385,Banepa,45210,OWN0450
EV0577,Nexon EV Max,38.3,465,Jet Black,2024,16274,Lamjung,33600,OWN0469
EV0578,Nexon EV Dark,40.8,477,Daytona Grey,2023,19769,Damak,57217,OWN0146
EV0579,Nexon EV Max,40.9,480,Intensi-Teal,2024,23087,Panauti,45215,OWN0380
EV0580,Nexon EV Max,39.5,468,Flame Red,2022,10653,Kapilvastu,32800,OWN0094
EV0581,Punch EV,30.1,319,Jet Black,2024,9486,Jaleshwor,45700,OWN0401
EV0582,Punch EV,32.5,332,Foliage Green,2022,1729,Dailekh,21600,OWN0162
EV0583,Tigor EV,27.9,299,Atomic Orange,2023,19758,Tulsipur,22400,OWN0096
EV0584,Punch EV,34.2,346,Flame Red,2023,23215,Itahari,56705,OWN0270
EV0585,Nexon EV Dark,41.5,463,Flame Red,2024,21683,Birendranagar,21700,OWN0117
EV0586,Punch EV,31.3,351,Atomic Orange,2022,22007,Mahendranagar,10400,OWN0048
EV0587,Punch EV,33.3,365,Calgary White,2023,24166,Baglung,33300,OWN0421
EV0588,Nexon EV Prime,33.7,332,Daisy White,2022,18271,Bhairahawa,32907,OWN0487
EV0589,Nexon EV Max,38.8,472,Intensi-Teal,2022,2091,Tulsipur,22400,OWN0405
EV0590,Tigor EV,26.2,299,Calgary White,2023,16103,Banepa,45210,OWN0425
EV0591,Nexon EV Dark,38.6,461,Atomic Orange,2024,3237,Kirtipur,44618,OWN0320
EV0592,Tiago EV,24.0,311,Flame Red,2023,2819,Bhairahawa,32907,OWN0418
EV0593,Tigor EV,26.0,300,Daytona Grey,2024,24736,Kirtipur,44618,OWN0475
EV0594,Punch EV,31.4,333,Foliage Green,2023,7167,Bharatpur,44200,OWN0479
EV0595,Nexon EV Prime,34.8,370,Daytona Grey,2023,20431,Waling,33800,OWN0432
EV0596,Tiago EV,22.5,317,Foliage Green,2024,5057,Tulsipur,22400,OWN0326
EV0597,Nexon EV Max,40.1,454,Jet Black,2023,19084,Gorkha,34000,OWN0186
EV0598,Nexon EV Prime,30.5,365,Calgary White,2023,1751,Attariya,10901,OWN0451
EV0599,Nexon EV Dark,39.6,462,Daisy White,2023,19570,Mahendranagar,10400,OWN0323
EV0600,Nexon EV Prime,30.4,360,Atomic Orange,2023,839,Mechinagar,57258,OWN0202
EV0601,Nexon EV Prime,32.4,357,Flame Red,2023,21705,Kirtipur,44618,OWN0095
EV0602,Punch EV,30.6,364,Jet Black,2022,13151,Nepalgunj,21900,OWN0299
EV0603,Nexon EV Prime,32.9,363,Daisy White,2024,12003,Panauti,45215,OWN0182
EV0604,Nexon EV Max,39.0,470,Calgary White,2024,8882,Waling,33800,OWN0103
EV0605,Tiago EV,24.2,311,Daytona Grey,2024,2945,Biratnagar,56600,OWN0027
EV0606,Punch EV,33.0,310,Flame Red,2024,2365,Hetauda,44107,OWN0356
EV0607,Tigor EV,27.7,303,Atomic Orange,2024,9968,Rajbiraj,56400,OWN0036
EV0608,Nexon EV Prime,30.6,319,Intensi-Teal,2024,22587,Itahari,56705,OWN0105
EV0609,Tigor EV,27.9,293,Calgary White,2023,20236,Jumla,21200,OWN0243
EV0610,Punch EV,34.9,339,Foliage Green,2023,11383,Panauti,45215,OWN0434
EV0611,Nexon EV Prime,34.7,316,Flame Red,2024,2345,Bhaktapur,44800,OWN0004
EV0612,Tiago EV,26.0,281,Calgary White,2023,11448,Nepalgunj,21900,OWN0143
EV0613,Nexon EV Prime,30.4,345,Foliage Green,2023,1996,Janakpur,45600,OWN0008
EV0614,Nexon EV Prime,28.2,335,Foliage Green,2024,22300,Biratnagar,56600,OWN0458
EV0615,Tigor EV,25.0,303,Intensi-Teal,2023,24616,Tikapur,10916,OWN0099
EV0616,Nexon EV Max,41.6,462,Flame Red,2022,3582,Lahan,56500,OWN0354
EV0617,Punch EV,28.9,362,Daisy White,2024,1968,Mahendranagar,10400,OWN0500
EV0618,Nexon EV Prime,30.0,318,Daisy White,2024,3715,Baglung,33300,OWN0208
EV0619,Punch EV,31.6,357,Daytona Grey,2024,7596,Madhyapur Thimi,44811,OWN0386
EV0620,Punch EV,32.1,313,Intensi-Teal,2024,24446,Bharatpur,44200,OWN0058
EV0621,Punch EV,31.0,363,Daytona Grey,2023,19829,Mahendranagar,10400,OWN0493
EV0622,Nexon EV Max,41.1,463,Flame Red,2024,10586,Bhairahawa,32907,OWN0336
EV0623,Punch EV,28.5,369,Jet Black,2024,16244,Dhulikhel,45200,OWN0139
EV0624,Nexon EV Dark,40.7,461,Daisy White,2024,16539,Rajbiraj,56400,OWN0379
EV0625,Nexon EV Max,41.5,469,Foliage Green,2024,4594,Bhaktapur,44800,OWN0275
EV0626,Nexon EV Max,38.7,477,Daytona Grey,2022,8510,Birgunj,44300,OWN0028
EV0627,Nexon EV Dark,39.5,470,Jet Black,2022,21373,Janakpur,45600,OWN0419
EV0628,Tigor EV,24.3,293,Daisy White,2024,17334,Pokhara,33700,OWN0292
EV0629,Tiago EV,23.1,306,Daytona Grey,2024,6191,Itahari,56705,OWN0296
EV0630,Nexon EV Dark,40.9,456,Daytona Grey,2022,21110,Attariya,10901,OWN0082
EV0631,Nexon EV Dark,41.1,480,Daytona Grey,2024,11177,Biratnagar,56600,OWN0297
EV0632,Punch EV,32.6,313,Atomic Orange,2023,20067,Madhyapur Thimi,44811,OWN0344
EV0633,Tigor EV,25.7,294,Daytona Grey,2023,8454,Janakpur,45600,OWN0041
EV0634,Tiago EV,22.2,300,Daisy White,2023,3421,Tulsipur,22400,OWN0263
EV0635,Nexon EV Prime,34.4,333,Foliage Green,2022,15922,Lahan,56500,OWN0432
EV0636,Tiago EV,24.9,309,Atomic Orange,2023,24951,Birgunj,44300,OWN0186
EV0637,Nexon EV Max,42.0,477,Daytona Grey,2024,15575,Biratnagar,56600,OWN0104
EV0638,Tiago EV,24.6,302,Intensi-Teal,2023,3254,Lahan,56500,OWN0444
EV0639,Punch EV,30.8,342,Jet Black,2024,10965,Pokhara,33700,OWN0277
EV0640,Nexon EV Max,40.5,479,Intensi-Teal,2022,24827,Mahendranagar,10400,OWN0210
EV0641,Nexon EV Dark,38.4,454,Flame Red,2023,2675,Tulsipur,22400,OWN0405
EV0642,Tigor EV,24.7,288,Jet Black,2022,14717,Waling,33800,OWN0456
EV0643,Tiago EV,23.6,301,Calgary White,2022,10829,Lamjung,33600,OWN0444
EV0644,Tiago EV,22.4,309,Daytona Grey,2024,21696,Kathmandu,44600,OWN0264
EV0645,Tigor EV,27.4,316,Foliage Green,2024,21131,Dailekh,21600,OWN0393
EV0646,Tigor EV,25.8,319,Flame Red,2022,6082,Dailekh,21600,OWN0346
EV0647,Nexon EV Prime,31.9,351,Calgary White,2022,11538,Nepalgunj,21900,OWN0307
EV0648,Nexon EV Max,41.2,479,Jet Black,2024,19993,Pokhara,33700,OWN0022
EV0649,Tigor EV,25.3,299,Atomic Orange,2023,1591,Attariya,10901,OWN0222
EV0650,Nexon EV Dark,41.6,471,Daytona Grey,2024,17062,Kathmandu,44600,OWN0320
EV0651,Nexon EV Prime,29.5,328,Foliage Green,2024,14535,Banepa,45210,OWN0003
EV0652,Nexon EV Max,41.6,452,Flame Red,2023,14675,Bhaktapur,44800,OWN0198
EV0653,Punch EV,33.1,356,Foliage Green,2024,24643,Rajbiraj,56400,OWN0374
EV0654,Punch EV,29.2,345,Jet Black,2024,23520,Mahendranagar,10400,OWN0320
EV0655,Tiago EV,22.2,302,Intensi-Teal,2022,6786,Biratnagar,56600,OWN0314
EV0656,Nexon EV Prime,33.2,344,Intensi-Teal,2022,19209,Kapilvastu,32800,OWN0050
EV0657,Nexon EV Max,41.8,456,Flame Red,2022,21225,Itahari,56705,OWN0482
EV0658,Nexon EV Max,40.8,459,Foliage Green,2023,887,Kathmandu,44600,OWN0216
EV0659,Nexon EV Prime,32.4,311,Foliage Green,2024,22258,Itahari,56705,OWN0484
EV0660,Nexon EV Prime,33.1,365,Jet Black,2022,1638,Nepalgunj,21900,OWN0009
EV0661,Nexon EV Prime,31.9,359,Intensi-Teal,2024,8848,Waling,33800,OWN0199
EV0662,Nexon EV Max,38.2,471,Calgary White,2023,12993,Kathmandu,44600,OWN0070
EV0663,Nexon EV Max,41.6,478,Atomic Orange,2023,10340,Dhangadhi,10900,OWN0395
EV0664,Punch EV,34.8,349,Foliage Green,2023,6087,Bhaktapur,44800,OWN0266
EV0665,Punch EV,29.3,314,Calgary White,2022,8364,Kirtipur,44618,OWN0113
EV0666,Tigor EV,25.1,292,Daytona Grey,2023,18768,Bhaktapur,44800,OWN0073
EV0667,Tigor EV,26.1,286,Flame Red,2022,14808,Bhaktapur,44800,OWN0162
EV0668,Nexon EV Dark,39.2,454,Daisy White,2022,11449,Tikapur,10916,OWN0375
EV0669,Tiago EV,22.0,306,Intensi-Teal,2022,8106,Tansen,32500,OWN0482
EV0670,Nexon EV Dark,39.2,461,Jet Black,2024,6820,Attariya,10901,OWN0034
EV0671,Nexon EV Dark,39.4,470,Daytona Grey,2022,2317,Lahan,56500,OWN0490
EV0672,Nexon EV Max,38.6,467,Intensi-Teal,2023,24088,Attariya,10901,OWN0215
EV0673,Tigor EV,25.4,282,Atomic Orange,2024,12764,Birendranagar,21700,OWN0441
EV0674,Nexon EV Prime,33.0,367,Intensi-Teal,2023,2229,Gaur,44500,OWN0404
EV0675,Nexon EV Dark,39.3,479,Atomic Orange,2022,21232,Pokhara,33700,OWN0006
EV0676,Nexon EV Max,40.2,469,Calgary White,2024,3844,Itahari,56705,OWN0256
EV0677,Punch EV,33.9,360,Daytona Grey,2024,9409,Janakpur,45600,OWN0035
EV0678,Nexon EV Prime,33.4,325,Atomic Orange,2024,14776,Kapilvastu,32800,OWN0228
EV0679,Nexon EV Dark,39.2,468,Atomic Orange,2024,6804,Tulsipur,22400,OWN0153
EV0680,Nexon EV Max,38.9,474,Intensi-Teal,2024,22803,Butwal,32900,OWN0066
EV0681,Nexon EV Dark,40.5,474,Intensi-Teal,2022,20446,Banepa,45210,OWN0492
EV0682,Nexon EV Dark,40.4,455,Flame Red,2022,9098,Banepa,45210,OWN0101
EV0683,Tiago EV,25.6,285,Calgary White,2023,13392,Rajbiraj,56400,OWN0427
EV0684,Punch EV,29.5,311,Jet Black,2022,18191,Birgunj,44300,OWN0287
EV0685,Tiago EV,22.4,291,Atomic Orange,2024,21238,Madhyapur Thimi,44811,OWN0152
EV0686,Punch EV,32.3,362,Daytona Grey,2023,18216,Mechinagar,57258,OWN0387
EV0687,Punch EV,30.2,332,Flame Red,2023,1178,Hetauda,44107,OWN0297
EV0688,Nexon EV Prime,28.1,322,Intensi-Teal,2023,13583,Pokhara,33700,OWN0317
EV0689,Tiago EV,25.2,292,Daytona Grey,2022,14167,Janakpur,45600,OWN0430
EV0690,Tigor EV,25.1,298,Jet Black,2022,13361,Baglung,33300,OWN0061
EV0691,Nexon EV Max,38.2,473,Calgary White,2023,2819,Beni,33100,OWN0102
EV0692,Nexon EV Dark,40.8,461,Calgary White,2022,14670,Jumla,21200,OWN0119
EV0693,Nexon EV Max,40.4,468,Flame Red,2024,7603,Gorkha,34000,OWN0015
EV0694,Tiago EV,24.9,312,Atomic Orange,2023,6925,Nepalgunj,21900,OWN0444
EV0695,Punch EV,32.4,321,Calgary White,2024,7747,Mahendranagar,10400,OWN0349
EV0696,Nexon EV Prime,32.5,367,Daytona Grey,2024,6718,Lamjung,33600,OWN0172
EV0697,Nexon EV Max,41.2,457,Foliage Green,2024,6567,Rajbiraj,56400,OWN0214
EV0698,Nexon EV Prime,30.1,361,Foliage Green,2022,1530,Mahendranagar,10400,OWN0168
EV0699,Nexon EV Prime,28.4,318,Daisy White,2022,14627,Birtamod,57204,OWN0078
EV0700,Nexon EV Prime,33.4,345,Daytona Grey,2023,22498,Tikapur,10916,OWN0171
