Sale_ID,Vehicle_ID,Sale_Date,Dealer_Name,Sale_Price_NPR,Discount_NPR,Final_Price_NPR,Payment_Method,City,Salesperson_ID
SALE0001,EV0001,2023-09-03,Hansraj Hulaschand,5505876,185325,5320551,Cash,Lalitpur,SP041
SALE0002,EV0002,2022-05-21,ICTC Motors,4743428,13240,4730188,Bank Loan,Gorkha,SP043
SALE0003,EV0003,2022-08-02,Laxmi Motors,4731707,4107,4727600,Leasing,Bharatpur,SP032
SALE0004,EV0004,2023-02-03,Laxmi Motors,4335607,33809,4301798,Bank Loan,Mechinagar,SP043
SALE0005,EV0005,2023-03-23,ICTC Motors,5952952,46374,5906578,Bank Loan,Damak,SP044
SALE0006,EV0006,2023-08-16,Panchakanya Auto,4415106,188335,4226771,Finance,Kathmandu,SP005
SALE0007,EV0007,2023-10-09,ICTC Motors,2344515,20638,2323877,Cash,Dhulikhel,SP049
SALE0008,EV0008,2022-02-11,Laxmi Motors,6164435,127642,6036793,Finance,Lalitpur,SP016
SALE0009,EV0009,2024-06-30,Panchakanya Auto,6231167,67310,6163857,Bank Loan,Lahan,SP004
SALE0010,EV0010,2023-01-30,Panchakanya Auto,2717864,194040,2523824,Cash,Nepalgunj,SP008
SALE0011,EV0011,2023-10-13,ICTC Motors,2739614,99580,2640034,Bank Loan,Madhyapur Thimi,SP014
SALE0012,EV0012,2022-10-04,Panchakanya Auto,2523898,48125,2475773,Leasing,Damak,SP021
SALE0013,EV0013,2023-12-20,Sipradi Trading,2409009,1060,2407949,Finance,Dharan,SP039
SALE0014,EV0014,2022-10-05,Panchakanya Auto,2318132,88860,2229272,Cash,Madhyapur Thimi,SP021
SALE0015,EV0015,2023-12-21,Laxmi Motors,2757279,42707,2714572,Cash,Kapilvastu,SP036
SALE0016,EV0016,2024-08-08,Panchakanya Auto,4301792,179318,4122474,Bank Loan,Tikapur,SP050
SALE0017,EV0017,2024-02-23,ICTC Motors,2456250,105147,2351103,Leasing,Birtamod,SP025
SALE0018,EV0018,2022-01-27,Hansraj Hulaschand,5829455,84,5829371,Leasing,Tulsipur,SP028
SALE0019,EV0019,2022-05-30,Hansraj Hulaschand,3809826,10961,3798865,Finance,Tansen,SP036
SALE0020,EV0020,2022-04-26,Laxmi Motors,2569351,107066,2462285,Bank Loan,Kathmandu,SP031
SALE0021,EV0021,2024-01-14,Laxmi Motors,4149977,118657,4031320,Bank Loan,Bharatpur,SP049
SALE0022,EV0022,2023-11-05,Hansraj Hulaschand,5834571,156761,5677810,Bank Loan,Kapilvastu,SP031
SALE0023,EV0023,2022-12-10,Panchakanya Auto,5852002,3035,5848967,Bank Loan,Mechinagar,SP045
SALE0024,EV0024,2022-10-13,Hansraj Hulaschand,4117208,130081,3987127,Leasing,Kathmandu,SP020
SALE0025,EV0025,2024-02-13,Panchakanya Auto,2590451,146838,2443613,Leasing,Nepalgunj,SP015
SALE0026,EV0026,2024-08-11,Sipradi Trading,2556396,28146,2528250,Bank Loan,Kapilvastu,SP005
SALE0027,EV0027,2024-02-03,Panchakanya Auto,2229411,164711,2064700,Leasing,Jumla,SP049
SALE0028,EV0028,2023-11-24,Laxmi Motors,5531705,84858,5446847,Finance,Kapilvastu,SP035
SALE0029,EV0029,2023-05-07,Hansraj Hulaschand,4242631,31086,4211545,Cash,Pokhara,SP010
SALE0030,EV0030,2024-12-15,ICTC Motors,2765892,51593,2714299,Finance,Gorkha,SP043
SALE0031,EV0031,2024-08-19,Panchakanya Auto,2595728,45891,2549837,Leasing,Birendranagar,SP049
SALE0032,EV0032,2022-08-31,Laxmi Motors,2565371,165394,2399977,Leasing,Kirtipur,SP033
SALE0033,EV0033,2023-08-07,ICTC Motors,6199215,154494,6044721,Cash,Dailekh,SP043
SALE0034,EV0034,2023-04-01,ICTC Motors,3951766,51527,3900239,Finance,Hetauda,SP005
SALE0035,EV0035,2022-04-30,Hansraj Hulaschand,5779378,61167,5718211,Cash,Panauti,SP021
SALE0036,EV0036,2023-01-08,Laxmi Motors,6398697,150280,6248417,Bank Loan,Birgunj,SP050
SALE0037,EV0037,2023-02-01,Laxmi Motors,2450446,141263,2309183,Bank Loan,Beni,SP031
SALE0038,EV0038,2023-10-15,Laxmi Motors,2776134,35838,2740296,Cash,Dhangadhi,SP013
SALE0039,EV0039,2023-08-04,Laxmi Motors,2605758,70128,2535630,Leasing,Lamjung,SP030
SALE0040,EV0040,2022-03-13,Panchakanya Auto,5723817,84081,5639736,Finance,Dhulikhel,SP031
SALE0041,EV0041,2023-04-27,Panchakanya Auto,2269993,122245,2147748,Finance,Janakpur,SP009
SALE0042,EV0042,2024-06-27,Panchakanya Auto,5855520,135546,5719974,Cash,Birgunj,SP013
SALE0043,EV0043,2023-06-01,Laxmi Motors,4799193,182941,4616252,Leasing,Gaur,SP044
SALE0044,EV0044,2024-03-13,Panchakanya Auto,3885367,102138,3783229,Cash,Mahendranagar,SP004
SALE0045,EV0045,2023-08-25,Sipradi Trading,2547322,166426,2380896,Leasing,Itahari,SP029
SALE0046,EV0046,2024-09-15,Laxmi Motors,3862976,67663,3795313,Bank Loan,Nepalgunj,SP017
SALE0047,EV0047,2022-05-11,Sipradi Trading,5690077,191519,5498558,Cash,Bhaktapur,SP041
SALE0048,EV0048,2023-11-08,ICTC Motors,4897550,121865,4775685,Leasing,Biratnagar,SP038
SALE0049,EV0049,2023-11-01,Sipradi Trading,2878099,194335,2683764,Leasing,Beni,SP010
SALE0050,EV0050,2023-03-26,Hansraj Hulaschand,2837925,164120,2673805,Leasing,Banepa,SP003
SALE0051,EV0051,2023-03-02,Hansraj Hulaschand,2201865,181804,2020061,Cash,Kirtipur,SP011
SALE0052,EV0052,2023-06-04,Panchakanya Auto,2401210,152796,2248414,Finance,Mahendranagar,SP010
SALE0053,EV0053,2024-04-14,Hansraj Hulaschand,4974424,1805,4972619,Finance,Nepalgunj,SP016
SALE0054,EV0054,2024-11-18,Hansraj Hulaschand,5683938,18303,5665635,Finance,Banepa,SP002
SALE0055,EV0055,2024-10-04,Panchakanya Auto,6131155,129459,6001696,Leasing,Madhyapur Thimi,SP027
SALE0056,EV0056,2024-10-06,Panchakanya Auto,4947471,190137,4757334,Cash,Madhyapur Thimi,SP038
SALE0057,EV0057,2023-04-06,ICTC Motors,4860388,69286,4791102,Cash,Tansen,SP012
SALE0058,EV0058,2024-12-12,ICTC Motors,5857417,194582,5662835,Cash,Jumla,SP045
SALE0059,EV0059,2022-08-25,Panchakanya Auto,6418051,72332,6345719,Cash,Kapilvastu,SP015
SALE0060,EV0060,2022-05-04,Laxmi Motors,4920003,71082,4848921,Bank Loan,Hetauda,SP023
SALE0061,EV0061,2023-01-13,Panchakanya Auto,2514098,106694,2407404,Leasing,Bharatpur,SP025
SALE0062,EV0062,2023-12-28,Hansraj Hulaschand,6399296,11416,6387880,Leasing,Butwal,SP019
SALE0063,EV0063,2024-03-16,ICTC Motors,5666614,83277,5583337,Bank Loan,Bhairahawa,SP011
SALE0064,EV0064,2022-06-05,Laxmi Motors,4119807,119842,3999965,Bank Loan,Jaleshwor,SP026
SALE0065,EV0065,2022-07-12,Sipradi Trading,2741963,78682,2663281,Leasing,Rajbiraj,SP047
SALE0066,EV0066,2024-12-12,Hansraj Hulaschand,6342708,86388,6256320,Cash,Tikapur,SP015
SALE0067,EV0067,2024-05-25,Panchakanya Auto,2755715,123502,2632213,Finance,Dharan,SP043
SALE0068,EV0068,2022-08-27,Panchakanya Auto,4178197,165,4178032,Cash,Pokhara,SP020
SALE0069,EV0069,2022-10-01,Laxmi Motors,5969354,51540,5917814,Finance,Attariya,SP020
SALE0070,EV0070,2023-03-30,Panchakanya Auto,4799377,198503,4600874,Cash,Mechinagar,SP043
SALE0071,EV0071,2024-09-24,ICTC Motors,6141694,81637,6060057,Cash,Tikapur,SP004
SALE0072,EV0072,2022-08-19,Panchakanya Auto,5894005,129467,5764538,Cash,Tikapur,SP020
SALE0073,EV0073,2024-06-09,Laxmi Motors,5934611,27922,5906689,Cash,Bharatpur,SP039
SALE0074,EV0074,2024-08-03,Panchakanya Auto,4551515,145229,4406286,Cash,Kathmandu,SP005
SALE0075,EV0075,2024-01-06,Hansraj Hulaschand,2824476,84086,2740390,Cash,Birendranagar,SP046
SALE0076,EV0076,2024-09-19,Laxmi Motors,4532540,62858,4469682,Cash,Jaleshwor,SP033
SALE0077,EV0077,2022-02-19,Laxmi Motors,4880807,196877,4683930,Cash,Birtamod,SP014
SALE0078,EV0078,2023-06-28,Panchakanya Auto,5758404,65925,5692479,Cash,Pokhara,SP041
SALE0079,EV0079,2024-05-13,ICTC Motors,4136711,135198,4001513,Cash,Mahendranagar,SP012
SALE0080,EV0080,2022-02-21,Laxmi Motors,5740770,172130,5568640,Finance,Janakpur,SP002
SALE0081,EV0081,2023-08-05,Sipradi Trading,2412124,105440,2306684,Cash,Gorkha,SP012
SALE0082,EV0082,2023-01-04,Hansraj Hulaschand,4179095,171739,4007356,Finance,Panauti,SP034
SALE0083,EV0083,2024-03-04,Laxmi Motors,5575402,124894,5450508,Bank Loan,Kapilvastu,SP008
SALE0084,EV0084,2023-12-01,Hansraj Hulaschand,2549598,2445,2547153,Leasing,Bhaktapur,SP049
SALE0085,EV0085,2022-05-04,ICTC Motors,4294552,151762,4142790,Leasing,Pokhara,SP016
SALE0086,EV0086,2022-04-25,ICTC Motors,2408506,126815,2281691,Leasing,Itahari,SP050
SALE0087,EV0087,2023-02-20,Panchakanya Auto,5699797,192805,5506992,Cash,Birendranagar,SP026
SALE0088,EV0088,2022-09-19,Panchakanya Auto,2748298,95744,2652554,Bank Loan,Waling,SP031
SALE0089,EV0089,2024-06-02,Hansraj Hulaschand,5885673,163034,5722639,Finance,Kapilvastu,SP017
SALE0090,EV0090,2023-07-20,Sipradi Trading,4075625,157112,3918513,Leasing,Janakpur,SP034
SALE0091,EV0091,2024-07-19,Laxmi Motors,2395062,17103,2377959,Cash,Attariya,SP042
SALE0092,EV0092,2023-05-25,ICTC Motors,2670725,40601,2630124,Cash,Tansen,SP038
SALE0093,EV0093,2023-02-18,ICTC Motors,5918835,51801,5867034,Leasing,Bharatpur,SP035
SALE0094,EV0094,2022-11-17,Panchakanya Auto,5924172,89522,5834650,Leasing,Rajbiraj,SP024
SALE0095,EV0095,2022-01-27,Sipradi Trading,4637302,135972,4501330,Cash,Jumla,SP029
SALE0096,EV0096,2023-07-26,Sipradi Trading,5536964,122428,5414536,Cash,Dhulikhel,SP022
SALE0097,EV0097,2024-12-29,ICTC Motors,6068796,189722,5879074,Leasing,Beni,SP010
SALE0098,EV0098,2024-12-09,Sipradi Trading,6064848,51864,6012984,Cash,Gaur,SP025
SALE0099,EV0099,2023-05-22,Hansraj Hulaschand,4988584,188070,4800514,Cash,Waling,SP028
SALE0100,EV0100,2023-01-12,Hansraj Hulaschand,2889681,89785,2799896,Leasing,Waling,SP039
SALE0101,EV0101,2023-08-02,Hansraj Hulaschand,2827963,76394,2751569,Finance,Mahendranagar,SP042
SALE0102,EV0102,2024-11-11,Panchakanya Auto,6005747,72050,5933697,Bank Loan,Jumla,SP011
SALE0103,EV0103,2023-03-03,Laxmi Motors,2513644,14073,2499571,Cash,Mechinagar,SP002
SALE0104,EV0104,2024-03-02,Laxmi Motors,2419278,56305,2362973,Finance,Lahan,SP049
SALE0105,EV0105,2023-12-16,Panchakanya Auto,3907572,164759,3742813,Cash,Tulsipur,SP024
SALE0106,EV0106,2023-02-27,Panchakanya Auto,6278409,7841,6270568,Finance,Bhaktapur,SP034
SALE0107,EV0107,2022-07-16,ICTC Motors,2443134,59489,2383645,Cash,Tulsipur,SP043
SALE0108,EV0108,2022-12-14,ICTC Motors,4881804,11580,4870224,Cash,Jumla,SP004
SALE0109,EV0109,2023-10-17,Panchakanya Auto,4561787,62591,4499196,Cash,Kirtipur,SP009
SALE0110,EV0110,2023-07-02,Panchakanya Auto,2323015,104514,2218501,Bank Loan,Dhangadhi,SP041
SALE0111,EV0111,2024-07-23,Hansraj Hulaschand,2313518,135575,2177943,Leasing,Janakpur,SP021
SALE0112,EV0112,2023-02-11,Panchakanya Auto,4602116,114886,4487230,Bank Loan,Tikapur,SP011
SALE0113,EV0113,2022-09-18,ICTC Motors,5508122,127260,5380862,Bank Loan,Kirtipur,SP020
SALE0114,EV0114,2023-01-15,Panchakanya Auto,2482899,195243,2287656,Finance,Bhaktapur,SP002
SALE0115,EV0115,2022-05-29,Laxmi Motors,4763518,138633,4624885,Finance,Butwal,SP045
SALE0116,EV0116,2024-04-25,Laxmi Motors,3979684,51168,3928516,Leasing,Lamjung,SP004
SALE0117,EV0117,2024-08-13,Panchakanya Auto,5507531,54448,5453083,Bank Loan,Birendranagar,SP008
SALE0118,EV0118,2023-06-14,Hansraj Hulaschand,2425468,160546,2264922,Leasing,Tansen,SP026
SALE0119,EV0119,2024-01-05,Sipradi Trading,4040901,48966,3991935,Cash,Hetauda,SP033
SALE0120,EV0120,2024-01-03,Sipradi Trading,2260142,135571,2124571,Bank Loan,Dharan,SP032
SALE0121,EV0121,2024-02-04,Hansraj Hulaschand,4773216,68969,4704247,Cash,Hetauda,SP037
SALE0122,EV0122,2022-05-29,Sipradi Trading,6128177,7760,6120417,Bank Loan,Bhaktapur,SP031
SALE0123,EV0123,2024-01-26,Panchakanya Auto,4847087,17201,4829886,Cash,Lalitpur,SP026
SALE0124,EV0124,2023-03-12,Panchakanya Auto,5946086,91013,5855073,Bank Loan,Kathmandu,SP001
SALE0125,EV0125,2023-04-22,Panchakanya Auto,2482623,11279,2471344,Bank Loan,Kapilvastu,SP009
SALE0126,EV0126,2022-04-17,Hansraj Hulaschand,6331362,5829,6325533,Finance,Madhyapur Thimi,SP003
SALE0127,EV0127,2023-10-26,Hansraj Hulaschand,4418775,187123,4231652,Cash,Jaleshwor,SP043
SALE0128,EV0128,2023-02-02,Sipradi Trading,5854278,68628,5785650,Bank Loan,Tansen,SP002
SALE0129,EV0129,2022-02-27,Sipradi Trading,2855817,61314,2794503,Cash,Itahari,SP002
SALE0130,EV0130,2022-10-15,Panchakanya Auto,5811477,79194,5732283,Bank Loan,Birtamod,SP025
SALE0131,EV0131,2024-02-28,Hansraj Hulaschand,6437584,121099,6316485,Bank Loan,Dharan,SP049
SALE0132,EV0132,2022-08-19,Sipradi Trading,5976425,11346,5965079,Cash,Dharan,SP014
SALE0133,EV0133,2024-06-04,ICTC Motors,5950211,16406,5933805,Cash,Dhulikhel,SP041
SALE0134,EV0134,2024-10-23,Sipradi Trading,6119611,162631,5956980,Leasing,Birtamod,SP043
SALE0135,EV0135,2022-12-13,Sipradi Trading,6377681,131430,6246251,Bank Loan,Baglung,SP023
SALE0136,EV0136,2023-08-01,Sipradi Trading,2354797,182596,2172201,Bank Loan,Gaur,SP035
SALE0137,EV0137,2024-03-03,ICTC Motors,6302633,6354,6296279,Leasing,Bhaktapur,SP046
SALE0138,EV0138,2022-08-10,Panchakanya Auto,3959695,66109,3893586,Leasing,Attariya,SP036
SALE0139,EV0139,2024-01-28,Hansraj Hulaschand,4950972,2680,4948292,Bank Loan,Itahari,SP030
SALE0140,EV0140,2023-09-19,Sipradi Trading,4222084,29990,4192094,Cash,Gaur,SP030
SALE0141,EV0141,2023-05-02,ICTC Motors,3936414,16884,3919530,Leasing,Madhyapur Thimi,SP018
SALE0142,EV0142,2022-02-12,Sipradi Trading,4978044,39132,4938912,Bank Loan,Kirtipur,SP008
SALE0143,EV0143,2024-10-02,Hansraj Hulaschand,5623012,3972,5619040,Cash,Nepalgunj,SP037
SALE0144,EV0144,2024-05-24,Laxmi Motors,6027150,39034,5988116,Cash,Itahari,SP006
SALE0145,EV0145,2022-12-10,ICTC Motors,2691944,111432,2580512,Finance,Birendranagar,SP024
SALE0146,EV0146,2022-06-30,ICTC Motors,6395035,68437,6326598,Finance,Butwal,SP002
SALE0147,EV0147,2024-02-17,Panchakanya Auto,3963951,58952,3904999,Leasing,Dharan,SP023
SALE0148,EV0148,2024-03-06,Laxmi Motors,2622365,153173,2469192,Bank Loan,Damak,SP038
SALE0149,EV0149,2022-04-04,Sipradi Trading,2677849,28007,2649842,Leasing,Bhaktapur,SP031
SALE0150,EV0150,2022-07-19,ICTC Motors,6288752,39953,6248799,Bank Loan,Tulsipur,SP009
SALE0151,EV0151,2024-05-03,Laxmi Motors,4581762,180303,4401459,Cash,Butwal,SP050
SALE0152,EV0152,2022-01-09,Laxmi Motors,2215925,77200,2138725,Cash,Lahan,SP046
SALE0153,EV0153,2023-04-06,Hansraj Hulaschand,6386851,115868,6270983,Bank Loan,Damak,SP002
SALE0154,EV0154,2022-01-23,Panchakanya Auto,2553676,39055,2514621,Bank Loan,Biratnagar,SP015
SALE0155,EV0155,2023-08-19,Sipradi Trading,6487353,32672,6454681,Finance,Dhulikhel,SP016
SALE0156,EV0156,2023-02-01,Sipradi Trading,2884324,97769,2786555,Leasing,Mahendranagar,SP024
SALE0157,EV0157,2024-02-03,Sipradi Trading,2483132,77648,2405484,Finance,Gaur,SP014
SALE0158,EV0158,2022-07-23,Laxmi Motors,2620556,75952,2544604,Finance,Gaur,SP036
SALE0159,EV0159,2022-08-03,ICTC Motors,2282014,170814,2111200,Bank Loan,Hetauda,SP041
SALE0160,EV0160,2024-03-12,Hansraj Hulaschand,4614447,166467,4447980,Leasing,Waling,SP025
SALE0161,EV0161,2023-06-08,Laxmi Motors,4777347,20738,4756609,Cash,Butwal,SP026
SALE0162,EV0162,2023-06-04,Laxmi Motors,5554850,5435,5549415,Leasing,Rajbiraj,SP005
SALE0163,EV0163,2024-04-28,Hansraj Hulaschand,2485407,27945,2457462,Bank Loan,Lahan,SP013
SALE0164,EV0164,2024-05-15,ICTC Motors,2451008,38050,2412958,Leasing,Lamjung,SP033
SALE0165,EV0165,2022-10-09,Laxmi Motors,3906138,13324,3892814,Leasing,Butwal,SP032
SALE0166,EV0166,2022-08-31,Laxmi Motors,2560239,141113,2419126,Bank Loan,Gorkha,SP049
SALE0167,EV0167,2024-04-01,Sipradi Trading,6442917,157154,6285763,Cash,Pokhara,SP045
SALE0168,EV0168,2023-12-03,Panchakanya Auto,2304686,11833,2292853,Cash,Jumla,SP020
SALE0169,EV0169,2024-05-03,Hansraj Hulaschand,2727626,105916,2621710,Leasing,Lalitpur,SP032
SALE0170,EV0170,2022-04-15,ICTC Motors,3814804,35317,3779487,Cash,Attariya,SP042
SALE0171,EV0171,2024-10-27,ICTC Motors,5637820,177658,5460162,Finance,Bhairahawa,SP022
SALE0172,EV0172,2023-01-23,Sipradi Trading,4068258,55759,4012499,Bank Loan,Rajbiraj,SP013
SALE0173,EV0173,2024-05-06,Sipradi Trading,5604638,43976,5560662,Bank Loan,Pokhara,SP038
SALE0174,EV0174,2023-07-20,Panchakanya Auto,2479417,41941,2437476,Cash,Nepalgunj,SP040
SALE0175,EV0175,2022-11-16,Hansraj Hulaschand,4088307,92955,3995352,Leasing,Dhulikhel,SP027
SALE0176,EV0176,2023-11-29,Hansraj Hulaschand,5643160,186524,5456636,Bank Loan,Rajbiraj,SP042
SALE0177,EV0177,2022-01-21,Sipradi Trading,2856852,110471,2746381,Bank Loan,Lalitpur,SP049
SALE0178,EV0178,2024-05-12,Laxmi Motors,2507036,195638,2311398,Cash,Nepalgunj,SP030
SALE0179,EV0179,2024-03-13,Sipradi Trading,3805049,138646,3666403,Bank Loan,Mahendranagar,SP037
SALE0180,EV0180,2022-08-09,Panchakanya Auto,5588122,160746,5427376,Finance,Rajbiraj,SP039
SALE0181,EV0181,2022-05-19,Panchakanya Auto,3881112,116976,3764136,Leasing,Birgunj,SP048
SALE0182,EV0182,2024-12-13,Sipradi Trading,2438502,2733,2435769,Bank Loan,Panauti,SP023
SALE0183,EV0183,2023-03-02,Panchakanya Auto,2899481,66710,2832771,Finance,Lalitpur,SP009
SALE0184,EV0184,2022-06-06,Hansraj Hulaschand,2699777,32273,2667504,Cash,Birgunj,SP044
SALE0185,EV0185,2022-06-09,Panchakanya Auto,4129963,127419,4002544,Finance,Panauti,SP033
SALE0186,EV0186,2024-01-25,Hansraj Hulaschand,2522402,170669,2351733,Bank Loan,Kirtipur,SP002
SALE0187,EV0187,2022-03-26,ICTC Motors,2701975,93346,2608629,Leasing,Butwal,SP035
SALE0188,EV0188,2023-04-11,Sipradi Trading,6163226,134239,6028987,Finance,Pokhara,SP022
SALE0189,EV0189,2024-08-28,Panchakanya Auto,5895419,4131,5891288,Finance,Birgunj,SP004
SALE0190,EV0190,2023-08-13,ICTC Motors,6363387,13207,6350180,Finance,Madhyapur Thimi,SP041
SALE0191,EV0191,2024-01-03,Hansraj Hulaschand,5739653,21443,5718210,Leasing,Dharan,SP031
SALE0192,EV0192,2022-09-25,Panchakanya Auto,4054556,9720,4044836,Finance,Bhaktapur,SP030
SALE0193,EV0193,2024-10-29,ICTC Motors,6423609,168123,6255486,Cash,Dhangadhi,SP028
SALE0194,EV0194,2024-12-06,Panchakanya Auto,3816697,29513,3787184,Finance,Bhaktapur,SP019
SALE0195,EV0195,2024-07-10,Panchakanya Auto,3863247,119329,3743918,Leasing,Tulsipur,SP042
SALE0196,EV0196,2022-05-09,Laxmi Motors,2312659,191274,2121385,Finance,Bhaktapur,SP035
SALE0197,EV0197,2024-12-25,Panchakanya Auto,2303280,126267,2177013,Cash,Hetauda,SP006
SALE0198,EV0198,2024-02-14,Laxmi Motors,5617794,174344,5443450,Cash,Nepalgunj,SP042
SALE0199,EV0199,2024-12-29,Panchakanya Auto,2664480,13575,2650905,Bank Loan,Gaur,SP001
SALE0200,EV0200,2023-01-30,Panchakanya Auto,5513857,141154,5372703,Leasing,Janakpur,SP050
SALE0201,EV0201,2024-08-03,ICTC Motors,4805701,98824,4706877,Leasing,Birendranagar,SP042
SALE0202,EV0202,2024-01-19,Sipradi Trading,2293229,59879,2233350,Cash,Banepa,SP049
SALE0203,EV0203,2023-02-06,ICTC Motors,6187004,32914,6154090,Bank Loan,Bharatpur,SP046
SALE0204,EV0204,2022-12-06,Laxmi Motors,6009194,193946,5815248,Finance,Gaur,SP027
SALE0205,EV0205,2023-10-11,Hansraj Hulaschand,4970994,129380,4841614,Finance,Kirtipur,SP015
SALE0206,EV0206,2024-03-27,Hansraj Hulaschand,4227867,2770,4225097,Cash,Lalitpur,SP005
SALE0207,EV0207,2024-10-20,Hansraj Hulaschand,4229691,93011,4136680,Bank Loan,Bhaktapur,SP009
SALE0208,EV0208,2024-08-06,Hansraj Hulaschand,2664758,96076,2568682,Bank Loan,Dharan,SP001
SALE0209,EV0209,2023-02-13,Panchakanya Auto,2506345,57486,2448859,Leasing,Damak,SP012
SALE0210,EV0210,2022-02-13,Hansraj Hulaschand,6160643,132808,6027835,Bank Loan,Mahendranagar,SP025
SALE0211,EV0211,2023-07-18,ICTC Motors,2504547,32565,2471982,Bank Loan,Birtamod,SP026
SALE0212,EV0212,2022-08-31,Sipradi Trading,5675248,40466,5634782,Bank Loan,Lalitpur,SP007
SALE0213,EV0213,2023-01-14,ICTC Motors,6042732,197779,5844953,Leasing,Jumla,SP014
SALE0214,EV0214,2023-02-17,ICTC Motors,5631873,168449,5463424,Bank Loan,Hetauda,SP042
SALE0215,EV0215,2023-01-27,Laxmi Motors,2834500,10246,2824254,Cash,Tulsipur,SP011
SALE0216,EV0216,2023-01-12,Laxmi Motors,4778123,96371,4681752,Bank Loan,Nepalgunj,SP048
SALE0217,EV0217,2022-03-03,Panchakanya Auto,2492428,8780,2483648,Cash,Birendranagar,SP019
SALE0218,EV0218,2022-11-08,Hansraj Hulaschand,4392413,22394,4370019,Leasing,Lalitpur,SP013
SALE0219,EV0219,2024-03-05,Laxmi Motors,5878678,162445,5716233,Bank Loan,Baglung,SP031
SALE0220,EV0220,2023-06-04,Panchakanya Auto,2657226,2432,2654794,Leasing,Jumla,SP003
SALE0221,EV0221,2023-08-12,Hansraj Hulaschand,4396484,65550,4330934,Finance,Panauti,SP042
SALE0222,EV0222,2022-02-20,Panchakanya Auto,4398632,105589,4293043,Bank Loan,Hetauda,SP015
SALE0223,EV0223,2024-05-11,ICTC Motors,4969654,71374,4898280,Finance,Rajbiraj,SP037
SALE0224,EV0224,2023-09-18,Panchakanya Auto,5956634,193775,5762859,Bank Loan,Panauti,SP035
SALE0225,EV0225,2023-04-04,Sipradi Trading,2695205,173138,2522067,Cash,Jaleshwor,SP010
SALE0226,EV0226,2024-06-23,ICTC Motors,5872732,67513,5805219,Cash,Birendranagar,SP050
SALE0227,EV0227,2023-09-05,Panchakanya Auto,2748500,180068,2568432,Bank Loan,Kathmandu,SP038
SALE0228,EV0228,2022-11-19,Sipradi Trading,5930959,18816,5912143,Leasing,Bhaktapur,SP006
SALE0229,EV0229,2023-07-18,Panchakanya Auto,4872067,48522,4823545,Leasing,Dhulikhel,SP039
SALE0230,EV0230,2023-02-08,Sipradi Trading,2452841,199881,2252960,Bank Loan,Bharatpur,SP037
SALE0231,EV0231,2023-08-14,Hansraj Hulaschand,4778057,55449,4722608,Finance,Waling,SP032
SALE0232,EV0232,2024-02-25,Hansraj Hulaschand,5995225,135817,5859408,Bank Loan,Lamjung,SP027
SALE0233,EV0233,2022-08-04,Hansraj Hulaschand,6340318,110012,6230306,Finance,Panauti,SP008
SALE0234,EV0234,2024-02-08,Sipradi Trading,6416638,88195,6328443,Bank Loan,Dailekh,SP030
SALE0235,EV0235,2022-04-25,Laxmi Motors,6059673,49960,6009713,Leasing,Bhairahawa,SP039
SALE0236,EV0236,2024-03-13,Laxmi Motors,6302269,67416,6234853,Finance,Tikapur,SP016
SALE0237,EV0237,2024-09-08,Hansraj Hulaschand,2286803,145814,2140989,Leasing,Baglung,SP037
SALE0238,EV0238,2024-05-30,Panchakanya Auto,6326354,189065,6137289,Leasing,Biratnagar,SP041
SALE0239,EV0239,2022-05-04,Laxmi Motors,2279282,181486,2097796,Bank Loan,Beni,SP016
SALE0240,EV0240,2024-05-07,Laxmi Motors,3937852,111931,3825921,Finance,Attariya,SP015
SALE0241,EV0241,2022-10-30,Laxmi Motors,4850113,135826,4714287,Leasing,Hetauda,SP026
SALE0242,EV0242,2022-12-03,Sipradi Trading,4849123,104994,4744129,Finance,Birtamod,SP018
SALE0243,EV0243,2023-06-09,Laxmi Motors,2543147,141039,2402108,Leasing,Lahan,SP003
SALE0244,EV0244,2024-09-26,Laxmi Motors,6352697,7158,6345539,Finance,Lalitpur,SP050
SALE0245,EV0245,2022-03-22,Panchakanya Auto,2686828,179176,2507652,Leasing,Damak,SP019
SALE0246,EV0246,2024-02-24,Hansraj Hulaschand,5536707,1788,5534919,Finance,Nepalgunj,SP017
SALE0247,EV0247,2024-09-25,Panchakanya Auto,2468487,56859,2411628,Leasing,Gaur,SP042
SALE0248,EV0248,2023-09-12,Laxmi Motors,2613101,22073,2591028,Cash,Baglung,SP043
SALE0249,EV0249,2024-08-10,Hansraj Hulaschand,6328307,57615,6270692,Bank Loan,Tikapur,SP050
SALE0250,EV0250,2024-04-02,Hansraj Hulaschand,5838222,87628,5750594,Cash,Janakpur,SP002
SALE0251,EV0251,2023-05-09,Panchakanya Auto,4385102,5387,4379715,Bank Loan,Banepa,SP004
SALE0252,EV0252,2024-08-31,ICTC Motors,2565147,69954,2495193,Bank Loan,Itahari,SP017
SALE0253,EV0253,2024-04-10,Sipradi Trading,2448336,133538,2314798,Leasing,Gorkha,SP036
SALE0254,EV0254,2022-09-16,Panchakanya Auto,4173439,85546,4087893,Bank Loan,Attariya,SP014
SALE0255,EV0255,2022-07-20,Laxmi Motors,6445389,194125,6251264,Leasing,Bharatpur,SP047
SALE0256,EV0256,2024-03-11,ICTC Motors,6453051,74172,6378879,Bank Loan,Jaleshwor,SP008
SALE0257,EV0257,2022-05-18,Laxmi Motors,5913066,117027,5796039,Cash,Rajbiraj,SP027
SALE0258,EV0258,2023-08-30,Panchakanya Auto,4517144,4662,4512482,Cash,Tansen,SP014
SALE0259,EV0259,2022-09-08,ICTC Motors,2461037,183431,2277606,Bank Loan,Kapilvastu,SP050
SALE0260,EV0260,2023-11-17,ICTC Motors,4946161,187770,4758391,Cash,Lalitpur,SP037
SALE0261,EV0261,2022-10-28,Sipradi Trading,5681482,67689,5613793,Cash,Mahendranagar,SP023
SALE0262,EV0262,2023-04-10,Sipradi Trading,2449672,22546,2427126,Leasing,Birgunj,SP005
SALE0263,EV0263,2022-07-02,ICTC Motors,4923860,121826,4802034,Leasing,Kapilvastu,SP046
SALE0264,EV0264,2024-12-08,Sipradi Trading,3833764,86512,3747252,Cash,Butwal,SP006
SALE0265,EV0265,2023-04-02,Laxmi Motors,4428564,141963,4286601,Finance,Lalitpur,SP021
SALE0266,EV0266,2022-12-10,Hansraj Hulaschand,6112755,6395,6106360,Bank Loan,Nepalgunj,SP042
SALE0267,EV0267,2022-08-04,Sipradi Trading,6004957,168055,5836902,Finance,Gaur,SP017
SALE0268,EV0268,2022-07-20,Laxmi Motors,2874241,19089,2855152,Finance,Mechinagar,SP044
SALE0269,EV0269,2023-05-30,ICTC Motors,2694120,45410,2648710,Finance,Gorkha,SP027
SALE0270,EV0270,2024-06-17,Hansraj Hulaschand,4014221,176077,3838144,Bank Loan,Jaleshwor,SP014
SALE0271,EV0271,2024-12-02,Laxmi Motors,2544791,89473,2455318,Finance,Lalitpur,SP010
SALE0272,EV0272,2022-11-23,Panchakanya Auto,5854548,130094,5724454,Finance,Nepalgunj,SP009
SALE0273,EV0273,2023-04-14,Hansraj Hulaschand,6210616,65805,6144811,Bank Loan,Kirtipur,SP004
SALE0274,EV0274,2024-10-11,Laxmi Motors,6122291,46221,6076070,Cash,Jumla,SP025
SALE0275,EV0275,2024-04-12,Hansraj Hulaschand,2562516,73498,2489018,Leasing,Itahari,SP028
SALE0276,EV0276,2024-04-04,Sipradi Trading,5622611,159893,5462718,Bank Loan,Tikapur,SP047
SALE0277,EV0277,2024-04-02,ICTC Motors,3899752,21117,3878635,Leasing,Bharatpur,SP042
SALE0278,EV0278,2023-11-30,ICTC Motors,2550597,150461,2400136,Finance,Lahan,SP048
SALE0279,EV0279,2022-05-03,Sipradi Trading,3800754,68457,3732297,Bank Loan,Kathmandu,SP017
SALE0280,EV0280,2023-11-23,Sipradi Trading,2529706,36654,2493052,Bank Loan,Janakpur,SP029
SALE0281,EV0281,2024-05-20,Laxmi Motors,5800875,5637,5795238,Leasing,Banepa,SP026
SALE0282,EV0282,2022-09-14,Sipradi Trading,5690348,9647,5680701,Finance,Baglung,SP034
SALE0283,EV0283,2023-11-29,Sipradi Trading,4287805,112615,4175190,Cash,Dhulikhel,SP009
SALE0284,EV0284,2023-04-03,Sipradi Trading,5866854,130782,5736072,Finance,Kirtipur,SP001
SALE0285,EV0285,2022-11-09,Panchakanya Auto,4484296,95118,4389178,Finance,Bharatpur,SP043
SALE0286,EV0286,2024-11-29,Laxmi Motors,4339939,66826,4273113,Leasing,Jaleshwor,SP001
SALE0287,EV0287,2024-10-07,Hansraj Hulaschand,4787409,39708,4747701,Finance,Baglung,SP014
SALE0288,EV0288,2022-10-04,ICTC Motors,5865162,178845,5686317,Finance,Damak,SP034
SALE0289,EV0289,2024-12-10,Sipradi Trading,2870998,35691,2835307,Cash,Dhulikhel,SP050
SALE0290,EV0290,2022-12-06,ICTC Motors,2772810,186612,2586198,Finance,Gaur,SP043
SALE0291,EV0291,2024-05-28,Sipradi Trading,4442503,186574,4255929,Finance,Tansen,SP047
SALE0292,EV0292,2024-12-27,Hansraj Hulaschand,5581449,146,5581303,Leasing,Beni,SP040
SALE0293,EV0293,2024-04-11,Laxmi Motors,3901123,50335,3850788,Bank Loan,Hetauda,SP046
SALE0294,EV0294,2023-06-15,Hansraj Hulaschand,2673094,103802,2569292,Bank Loan,Attariya,SP021
SALE0295,EV0295,2024-11-06,Panchakanya Auto,4304705,9372,4295333,Bank Loan,Tulsipur,SP039
SALE0296,EV0296,2022-06-29,Hansraj Hulaschand,2367584,64455,2303129,Cash,Kathmandu,SP017
SALE0297,EV0297,2024-08-29,Laxmi Motors,2730763,77713,2653050,Bank Loan,Birgunj,SP031
SALE0298,EV0298,2023-01-10,Sipradi Trading,4084076,187809,3896267,Finance,Dhulikhel,SP019
SALE0299,EV0299,2022-09-03,Sipradi Trading,6145522,139814,6005708,Finance,Jaleshwor,SP046
SALE0300,EV0300,2022-04-10,Laxmi Motors,2888489,49883,2838606,Bank Loan,Itahari,SP017
SALE0301,EV0301,2022-01-22,Panchakanya Auto,5803129,115143,5687986,Finance,Birtamod,SP029
SALE0302,EV0302,2022-06-07,Laxmi Motors,6158805,21674,6137131,Finance,Kirtipur,SP019
SALE0303,EV0303,2022-06-03,ICTC Motors,4266697,149990,4116707,Leasing,Gaur,SP043
SALE0304,EV0304,2023-10-20,Laxmi Motors,4725976,94055,4631921,Bank Loan,Dhangadhi,SP044
SALE0305,EV0305,2024-01-15,Hansraj Hulaschand,5924198,199173,5725025,Leasing,Bhairahawa,SP005
SALE0306,EV0306,2024-11-29,Panchakanya Auto,2719552,158266,2561286,Cash,Mechinagar,SP009
SALE0307,EV0307,2022-01-27,Panchakanya Auto,3914729,17037,3897692,Cash,Dailekh,SP037
SALE0308,EV0308,2024-09-15,Panchakanya Auto,5704269,197440,5506829,Finance,Waling,SP027
SALE0309,EV0309,2023-10-29,Sipradi Trading,5516503,119596,5396907,Finance,Madhyapur Thimi,SP008
SALE0310,EV0310,2023-11-03,Laxmi Motors,4636972,46416,4590556,Cash,Panauti,SP027
SALE0311,EV0311,2022-11-23,Sipradi Trading,2443467,192452,2251015,Bank Loan,Bharatpur,SP033
SALE0312,EV0312,2022-11-26,Panchakanya Auto,2505006,47376,2457630,Leasing,Attariya,SP039
SALE0313,EV0313,2023-11-02,Hansraj Hulaschand,5916838,155423,5761415,Bank Loan,Kapilvastu,SP016
SALE0314,EV0314,2023-09-03,ICTC Motors,4716449,55995,4660454,Leasing,Janakpur,SP034
SALE0315,EV0315,2024-12-18,ICTC Motors,2255481,88014,2167467,Bank Loan,Bhaktapur,SP039
SALE0316,EV0316,2022-07-26,Hansraj Hulaschand,5649144,28898,5620246,Finance,Gorkha,SP014
SALE0317,EV0317,2022-09-07,Panchakanya Auto,6245305,198552,6046753,Finance,Butwal,SP039
SALE0318,EV0318,2022-04-06,Hansraj Hulaschand,3888637,56162,3832475,Leasing,Jaleshwor,SP021
SALE0319,EV0319,2023-04-15,Laxmi Motors,4036914,184915,3851999,Bank Loan,Banepa,SP037
SALE0320,EV0320,2023-10-14,Sipradi Trading,2258140,55383,2202757,Finance,Rajbiraj,SP002
SALE0321,EV0321,2022-12-15,Panchakanya Auto,2488820,150216,2338604,Bank Loan,Kathmandu,SP045
SALE0322,EV0322,2023-11-27,Laxmi Motors,5638963,97261,5541702,Leasing,Nepalgunj,SP008
SALE0323,EV0323,2024-01-03,Sipradi Trading,4632336,153086,4479250,Cash,Madhyapur Thimi,SP025
SALE0324,EV0324,2023-12-30,Hansraj Hulaschand,6278463,87548,6190915,Finance,Kapilvastu,SP048
SALE0325,EV0325,2022-05-02,Laxmi Motors,2591417,188743,2402674,Finance,Itahari,SP016
SALE0326,EV0326,2023-03-19,Panchakanya Auto,2507580,187556,2320024,Bank Loan,Bharatpur,SP015
SALE0327,EV0327,2023-08-11,Panchakanya Auto,3923280,52138,3871142,Finance,Dhangadhi,SP009
SALE0328,EV0328,2023-07-28,Panchakanya Auto,6290202,112083,6178119,Bank Loan,Tulsipur,SP050
SALE0329,EV0329,2024-10-12,Panchakanya Auto,4787840,199120,4588720,Cash,Birgunj,SP036
SALE0330,EV0330,2024-04-09,Laxmi Motors,5555623,154011,5401612,Cash,Attariya,SP038
SALE0331,EV0331,2022-05-11,Panchakanya Auto,6005144,164954,5840190,Cash,Banepa,SP048
SALE0332,EV0332,2024-02-19,Panchakanya Auto,3802681,141144,3661537,Finance,Madhyapur Thimi,SP022
SALE0333,EV0333,2023-01-18,Sipradi Trading,5673085,190416,5482669,Cash,Gorkha,SP027
SALE0334,EV0334,2022-09-05,ICTC Motors,4262725,80949,4181776,Leasing,Mechinagar,SP012
SALE0335,EV0335,2022-03-03,Hansraj Hulaschand,6496556,186392,6310164,Leasing,Gorkha,SP030
SALE0336,EV0336,2022-02-05,Laxmi Motors,5636288,73767,5562521,Leasing,Dailekh,SP015
SALE0337,EV0337,2023-06-09,Sipradi Trading,5966326,75188,5891138,Finance,Attariya,SP044
SALE0338,EV0338,2023-10-26,Hansraj Hulaschand,5824870,32526,5792344,Bank Loan,Waling,SP044
SALE0339,EV0339,2024-01-13,ICTC Motors,2590341,154286,2436055,Cash,Butwal,SP036
SALE0340,EV0340,2023-01-23,Sipradi Trading,2534335,87834,2446501,Leasing,Tulsipur,SP017
SALE0341,EV0341,2023-03-29,ICTC Motors,6082580,120846,5961734,Finance,Baglung,SP030
SALE0342,EV0342,2024-08-17,Hansraj Hulaschand,2291119,10888,2280231,Finance,Madhyapur Thimi,SP044
SALE0343,EV0343,2023-08-22,Panchakanya Auto,2706050,81005,2625045,Finance,Gorkha,SP009
SALE0344,EV0344,2023-07-12,Sipradi Trading,4439106,30546,4408560,Bank Loan,Tikapur,SP030
SALE0345,EV0345,2024-07-22,Sipradi Trading,3857483,141655,3715828,Cash,Hetauda,SP005
SALE0346,EV0346,2024-06-24,ICTC Motors,5776319,62159,5714160,Cash,Bhaktapur,SP012
SALE0347,EV0347,2022-06-12,Hansraj Hulaschand,2377583,185413,2192170,Cash,Tikapur,SP004
SALE0348,EV0348,2022-12-08,Hansraj Hulaschand,2861419,121041,2740378,Leasing,Banepa,SP009
SALE0349,EV0349,2024-10-12,ICTC Motors,2288678,149905,2138773,Cash,Dhulikhel,SP026
SALE0350,EV0350,2022-04-11,ICTC Motors,5608597,7083,5601514,Leasing,Lamjung,SP036
SALE0351,EV0351,2023-11-24,Panchakanya Auto,4530783,11111,4519672,Leasing,Dharan,SP034
SALE0352,EV0352,2024-08-30,Panchakanya Auto,2241753,30624,2211129,Finance,Tansen,SP010
SALE0353,EV0353,2022-09-06,Laxmi Motors,2545497,150389,2395108,Cash,Lahan,SP046
SALE0354,EV0354,2023-12-09,ICTC Motors,3996709,106018,3890691,Leasing,Baglung,SP036
SALE0355,EV0355,2024-03-10,Panchakanya Auto,3826837,92774,3734063,Bank Loan,Jumla,SP037
SALE0356,EV0356,2024-05-15,Sipradi Trading,6457528,35713,6421815,Cash,Dharan,SP045
SALE0357,EV0357,2024-03-22,Panchakanya Auto,4657475,99606,4557869,Leasing,Dailekh,SP030
SALE0358,EV0358,2022-05-27,ICTC Motors,4162452,176330,3986122,Leasing,Gorkha,SP016
SALE0359,EV0359,2022-10-10,Hansraj Hulaschand,4167606,165364,4002242,Leasing,Janakpur,SP007
SALE0360,EV0360,2022-04-02,Sipradi Trading,6141955,171995,5969960,Leasing,Mahendranagar,SP028
SALE0361,EV0361,2024-06-19,Laxmi Motors,2879741,157780,2721961,Finance,Waling,SP020
SALE0362,EV0362,2022-04-10,Sipradi Trading,5928777,102730,5826047,Leasing,Madhyapur Thimi,SP043
SALE0363,EV0363,2023-04-26,Panchakanya Auto,3902180,149092,3753088,Cash,Tansen,SP035
SALE0364,EV0364,2022-04-04,Laxmi Motors,2480086,144961,2335125,Cash,Gaur,SP005
SALE0365,EV0365,2024-12-15,ICTC Motors,2250475,70630,2179845,Cash,Bhaktapur,SP003
SALE0366,EV0366,2023-08-15,Panchakanya Auto,6400630,389,6400241,Bank Loan,Beni,SP022
SALE0367,EV0367,2022-09-29,Hansraj Hulaschand,4093997,38727,4055270,Bank Loan,Butwal,SP032
SALE0368,EV0368,2022-08-04,Hansraj Hulaschand,6228772,173434,6055338,Finance,Kapilvastu,SP009
SALE0369,EV0369,2024-01-05,Hansraj Hulaschand,2267073,109838,2157235,Bank Loan,Jaleshwor,SP010
SALE0370,EV0370,2024-10-02,Laxmi Motors,4680774,194455,4486319,Leasing,Baglung,SP018
SALE0371,EV0371,2023-12-24,ICTC Motors,2451846,26468,2425378,Cash,Tulsipur,SP019
SALE0372,EV0372,2022-02-18,Sipradi Trading,2570057,38567,2531490,Finance,Rajbiraj,SP049
SALE0373,EV0373,2022-07-31,Panchakanya Auto,4216071,15904,4200167,Bank Loan,Butwal,SP035
SALE0374,EV0374,2024-09-04,Hansraj Hulaschand,4551171,97738,4453433,Cash,Bharatpur,SP047
SALE0375,EV0375,2023-01-13,ICTC Motors,2470935,54131,2416804,Bank Loan,Waling,SP023
SALE0376,EV0376,2023-07-04,Hansraj Hulaschand,5925527,75331,5850196,Cash,Lahan,SP043
SALE0377,EV0377,2023-02-26,Sipradi Trading,2740811,181351,2559460,Finance,Rajbiraj,SP012
SALE0378,EV0378,2023-11-01,Hansraj Hulaschand,4902720,184154,4718566,Finance,Dhangadhi,SP028
SALE0379,EV0379,2023-04-25,Panchakanya Auto,5609536,151716,5457820,Bank Loan,Damak,SP034
SALE0380,EV0380,2024-10-31,Hansraj Hulaschand,6339783,75309,6264474,Bank Loan,Jumla,SP028
SALE0381,EV0381,2023-03-06,Hansraj Hulaschand,6479953,136811,6343142,Cash,Tikapur,SP005
SALE0382,EV0382,2023-12-21,Sipradi Trading,4029493,36229,3993264,Leasing,Dharan,SP023
SALE0383,EV0383,2022-08-15,Sipradi Trading,2654495,133537,2520958,Cash,Birtamod,SP019
SALE0384,EV0384,2022-08-05,Laxmi Motors,3969101,51431,3917670,Cash,Butwal,SP026
SALE0385,EV0385,2024-10-09,ICTC Motors,4482365,151040,4331325,Cash,Butwal,SP046
SALE0386,EV0386,2023-09-17,Sipradi Trading,4747542,6752,4740790,Cash,Dhulikhel,SP010
SALE0387,EV0387,2024-08-10,Laxmi Motors,2401625,56853,2344772,Finance,Nepalgunj,SP012
SALE0388,EV0388,2022-12-14,ICTC Motors,2502337,52481,2449856,Cash,Attariya,SP014
SALE0389,EV0389,2024-07-12,Laxmi Motors,3951701,170546,3781155,Finance,Kirtipur,SP021
SALE0390,EV0390,2023-05-18,Panchakanya Auto,6451081,193806,6257275,Leasing,Baglung,SP023
SALE0391,EV0391,2024-12-13,Sipradi Trading,5725719,147081,5578638,Leasing,Damak,SP030
SALE0392,EV0392,2023-08-16,Hansraj Hulaschand,4083986,57919,4026067,Finance,Lalitpur,SP026
SALE0393,EV0393,2023-08-14,ICTC Motors,2441420,159469,2281951,Cash,Birgunj,SP027
SALE0394,EV0394,2024-07-25,ICTC Motors,2878884,20994,2857890,Leasing,Tulsipur,SP023
SALE0395,EV0395,2023-01-01,Sipradi Trading,3957459,106655,3850804,Leasing,Birendranagar,SP003
SALE0396,EV0396,2023-10-08,ICTC Motors,2825107,167381,2657726,Finance,Biratnagar,SP049
SALE0397,EV0397,2023-07-21,ICTC Motors,4318678,27576,4291102,Finance,Jumla,SP010
SALE0398,EV0398,2024-05-19,ICTC Motors,4008541,118604,3889937,Bank Loan,Dailekh,SP032
SALE0399,EV0399,2024-11-14,Sipradi Trading,4071063,19308,4051755,Leasing,Mahendranagar,SP021
SALE0400,EV0400,2023-05-09,Sipradi Trading,5884552,102763,5781789,Bank Loan,Tulsipur,SP048
SALE0401,EV0401,2024-08-21,Laxmi Motors,4617676,6344,4611332,Leasing,Mahendranagar,SP008
SALE0402,EV0402,2022-02-20,Hansraj Hulaschand,4151442,40787,4110655,Finance,Attariya,SP016
SALE0403,EV0403,2022-08-09,Sipradi Trading,6064804,119189,5945615,Bank Loan,Beni,SP026
SALE0404,EV0404,2022-10-03,Laxmi Motors,4533124,52853,4480271,Cash,Nepalgunj,SP042
SALE0405,EV0405,2022-09-03,Sipradi Trading,4150762,157947,3992815,Finance,Butwal,SP025
SALE0406,EV0406,2023-01-20,ICTC Motors,4686784,147188,4539596,Leasing,Rajbiraj,SP015
SALE0407,EV0407,2022-09-19,Panchakanya Auto,6226803,134196,6092607,Cash,Beni,SP040
SALE0408,EV0408,2024-09-24,Laxmi Motors,6321795,54000,6267795,Cash,Janakpur,SP018
SALE0409,EV0409,2024-05-31,Hansraj Hulaschand,5638687,41513,5597174,Cash,Waling,SP050
SALE0410,EV0410,2023-11-24,ICTC Motors,2559444,7927,2551517,Leasing,Mechinagar,SP043
SALE0411,EV0411,2022-01-17,Hansraj Hulaschand,2211477,116843,2094634,Cash,Biratnagar,SP015
SALE0412,EV0412,2022-08-16,Laxmi Motors,4555167,130744,4424423,Bank Loan,Lahan,SP032
SALE0413,EV0413,2022-06-23,Sipradi Trading,2342971,41593,2301378,Bank Loan,Jaleshwor,SP014
SALE0414,EV0414,2022-09-10,Hansraj Hulaschand,5583623,136575,5447048,Bank Loan,Jumla,SP029
SALE0415,EV0415,2022-07-14,Sipradi Trading,2565140,114073,2451067,Finance,Birtamod,SP048
SALE0416,EV0416,2024-07-17,Hansraj Hulaschand,6374977,114054,6260923,Finance,Dharan,SP032
SALE0417,EV0417,2023-08-14,Sipradi Trading,2893275,32117,2861158,Finance,Dharan,SP047
SALE0418,EV0418,2023-08-31,Panchakanya Auto,4052748,100546,3952202,Cash,Dhulikhel,SP047
SALE0419,EV0419,2022-01-19,Hansraj Hulaschand,3967785,119305,3848480,Finance,Kathmandu,SP008
SALE0420,EV0420,2024-09-05,Laxmi Motors,2673114,177905,2495209,Cash,Bhairahawa,SP010
SALE0421,EV0421,2023-10-21,Hansraj Hulaschand,4371981,104870,4267111,Cash,Mahendranagar,SP026
SALE0422,EV0422,2023-10-26,Sipradi Trading,2408399,36463,2371936,Bank Loan,Kirtipur,SP018
SALE0423,EV0423,2022-09-15,Hansraj Hulaschand,4575826,15196,4560630,Bank Loan,Attariya,SP016
SALE0424,EV0424,2024-03-10,Laxmi Motors,2353991,137414,2216577,Leasing,Lamjung,SP003
SALE0425,EV0425,2022-06-28,Sipradi Trading,3930378,43988,3886390,Finance,Hetauda,SP017
SALE0426,EV0426,2022-01-12,Laxmi Motors,2510685,62579,2448106,Finance,Pokhara,SP001
SALE0427,EV0427,2024-10-20,Hansraj Hulaschand,3801796,18818,3782978,Leasing,Pokhara,SP017
SALE0428,EV0428,2023-12-14,Panchakanya Auto,5569310,122659,5446651,Leasing,Rajbiraj,SP017
SALE0429,EV0429,2024-10-17,Laxmi Motors,4431701,148725,4282976,Cash,Jaleshwor,SP050
SALE0430,EV0430,2023-06-22,Hansraj Hulaschand,2495062,170100,2324962,Bank Loan,Butwal,SP001
SALE0431,EV0431,2022-03-17,Hansraj Hulaschand,3915704,66194,3849510,Finance,Attariya,SP019
SALE0432,EV0432,2023-02-11,Hansraj Hulaschand,2756173,50738,2705435,Cash,Attariya,SP008
SALE0433,EV0433,2023-12-10,Laxmi Motors,3946687,133369,3813318,Cash,Tulsipur,SP039
SALE0434,EV0434,2024-08-25,Hansraj Hulaschand,2557680,137379,2420301,Leasing,Birgunj,SP032
SALE0435,EV0435,2022-02-04,Sipradi Trading,5839503,93668,5745835,Leasing,Tulsipur,SP021
SALE0436,EV0436,2023-04-29,Sipradi Trading,4866677,143909,4722768,Cash,Madhyapur Thimi,SP047
SALE0437,EV0437,2024-03-08,Sipradi Trading,5848576,80727,5767849,Cash,Tulsipur,SP013
SALE0438,EV0438,2022-04-13,Hansraj Hulaschand,4461428,155237,4306191,Leasing,Beni,SP012
SALE0439,EV0439,2024-05-10,Sipradi Trading,2594659,25222,2569437,Bank Loan,Bhaktapur,SP042
SALE0440,EV0440,2022-04-10,Hansraj Hulaschand,2858790,68635,2790155,Finance,Kapilvastu,SP044
SALE0441,EV0441,2022-11-06,Sipradi Trading,2228596,54705,2173891,Cash,Kirtipur,SP033
SALE0442,EV0442,2022-01-13,Sipradi Trading,6222559,134488,6088071,Cash,Damak,SP015
SALE0443,EV0443,2022-09-26,Panchakanya Auto,2391822,1087,2390735,Finance,Dharan,SP019
SALE0444,EV0444,2024-08-15,Sipradi Trading,2473929,48355,2425574,Leasing,Dhangadhi,SP030
SALE0445,EV0445,2024-11-30,Panchakanya Auto,2636919,150357,2486562,Cash,Mechinagar,SP030
SALE0446,EV0446,2024-06-18,ICTC Motors,5553307,189088,5364219,Leasing,Dhulikhel,SP009
SALE0447,EV0447,2024-12-31,Sipradi Trading,2626294,124993,2501301,Leasing,Dailekh,SP005
SALE0448,EV0448,2022-01-21,Sipradi Trading,2555250,177369,2377881,Leasing,Tulsipur,SP041
SALE0449,EV0449,2023-06-18,Panchakanya Auto,6141500,39788,6101712,Finance,Attariya,SP029
SALE0450,EV0450,2023-10-04,Laxmi Motors,2707140,118867,2588273,Bank Loan,Kathmandu,SP027
SALE0451,EV0451,2024-11-04,Laxmi Motors,2230409,35978,2194431,Cash,Madhyapur Thimi,SP021
SALE0452,EV0452,2022-03-27,Laxmi Motors,5653167,184539,5468628,Leasing,Biratnagar,SP034
SALE0453,EV0453,2022-04-10,Hansraj Hulaschand,4258902,195676,4063226,Finance,Banepa,SP049
SALE0454,EV0454,2022-10-13,Laxmi Motors,4736288,144410,4591878,Finance,Pokhara,SP033
SALE0455,EV0455,2024-02-07,Sipradi Trading,4529071,128313,4400758,Bank Loan,Banepa,SP010
SALE0456,EV0456,2022-12-13,ICTC Motors,4330772,139314,4191458,Finance,Tansen,SP043
SALE0457,EV0457,2022-05-15,Hansraj Hulaschand,2429373,166668,2262705,Bank Loan,Jumla,SP045
SALE0458,EV0458,2024-07-08,Hansraj Hulaschand,5653147,49475,5603672,Leasing,Bhairahawa,SP038
SALE0459,EV0459,2022-02-28,Hansraj Hulaschand,6375838,66954,6308884,Bank Loan,Dhulikhel,SP034
SALE0460,EV0460,2022-03-03,Panchakanya Auto,5809326,60369,5748957,Bank Loan,Birtamod,SP017
SALE0461,EV0461,2023-03-14,Laxmi Motors,4154453,66380,4088073,Cash,Baglung,SP035
SALE0462,EV0462,2024-09-14,Panchakanya Auto,2288717,145333,2143384,Cash,Itahari,SP028
SALE0463,EV0463,2024-08-11,Laxmi Motors,4947315,74233,4873082,Leasing,Banepa,SP045
SALE0464,EV0464,2022-07-31,Laxmi Motors,5572152,653,5571499,Bank Loan,Kapilvastu,SP037
SALE0465,EV0465,2024-11-08,Hansraj Hulaschand,4574566,62003,4512563,Leasing,Dharan,SP035
SALE0466,EV0466,2022-09-14,Panchakanya Auto,4472858,136547,4336311,Bank Loan,Butwal,SP006
SALE0467,EV0467,2023-11-22,Hansraj Hulaschand,2354938,24124,2330814,Leasing,Banepa,SP005
SALE0468,EV0468,2024-08-18,Hansraj Hulaschand,5751308,26776,5724532,Bank Loan,Tikapur,SP047
SALE0469,EV0469,2023-03-06,ICTC Motors,5929263,132034,5797229,Bank Loan,Dhulikhel,SP013
SALE0470,EV0470,2023-08-02,Sipradi Trading,6004725,89215,5915510,Finance,Itahari,SP006
SALE0471,EV0471,2024-10-10,Hansraj Hulaschand,6454109,148956,6305153,Leasing,Attariya,SP031
SALE0472,EV0472,2022-05-08,Panchakanya Auto,2475899,26075,2449824,Bank Loan,Bhaktapur,SP039
SALE0473,EV0473,2022-05-14,ICTC Motors,4565908,106015,4459893,Cash,Jaleshwor,SP026
SALE0474,EV0474,2023-01-08,Panchakanya Auto,6473924,47511,6426413,Bank Loan,Janakpur,SP022
SALE0475,EV0475,2023-10-10,Panchakanya Auto,5550865,123885,5426980,Cash,Dharan,SP026
SALE0476,EV0476,2022-03-06,Panchakanya Auto,5558072,143956,5414116,Leasing,Janakpur,SP016
SALE0477,EV0477,2022-07-08,Panchakanya Auto,5742099,15937,5726162,Leasing,Gorkha,SP029
SALE0478,EV0478,2022-08-22,Laxmi Motors,5728379,105662,5622717,Finance,Nepalgunj,SP016
SALE0479,EV0479,2024-01-30,ICTC Motors,2304873,57928,2246945,Leasing,Baglung,SP047
SALE0480,EV0480,2024-02-18,ICTC Motors,6228154,98380,6129774,Finance,Madhyapur Thimi,SP040
SALE0481,EV0481,2024-11-07,Panchakanya Auto,2607277,19771,2587506,Finance,Kapilvastu,SP001
SALE0482,EV0482,2023-05-23,Sipradi Trading,2498920,28330,2470590,Finance,Gaur,SP014
SALE0483,EV0483,2023-11-03,ICTC Motors,3827479,183464,3644015,Cash,Tulsipur,SP004
SALE0484,EV0484,2023-02-24,ICTC Motors,6200299,98501,6101798,Bank Loan,Tansen,SP016
SALE0485,EV0485,2024-07-14,Panchakanya Auto,4922014,28565,4893449,Cash,Nepalgunj,SP049
SALE0486,EV0486,2023-12-05,Hansraj Hulaschand,2613896,195682,2418214,Finance,Attariya,SP024
SALE0487,EV0487,2023-01-18,Hansraj Hulaschand,2711617,6410,2705207,Finance,Mechinagar,SP040
SALE0488,EV0488,2023-11-26,ICTC Motors,2728007,185016,2542991,Finance,Biratnagar,SP049
SALE0489,EV0489,2022-04-11,Laxmi Motors,2595531,13779,2581752,Leasing,Jumla,SP031
SALE0490,EV0490,2022-08-26,Laxmi Motors,2561876,108368,2453508,Cash,Beni,SP027
SALE0491,EV0491,2024-10-30,Panchakanya Auto,2473476,89721,2383755,Cash,Kapilvastu,SP012
SALE0492,EV0492,2022-03-05,ICTC Motors,4106048,30663,4075385,Cash,Birendranagar,SP004
SALE0493,EV0493,2022-03-14,Panchakanya Auto,2357579,171517,2186062,Leasing,Tulsipur,SP003
SALE0494,EV0494,2022-02-09,Sipradi Trading,4762574,49453,4713121,Bank Loan,Birendranagar,SP041
SALE0495,EV0495,2023-04-11,Hansraj Hulaschand,5932122,180428,5751694,Cash,Biratnagar,SP047
SALE0496,EV0496,2024-12-25,Laxmi Motors,5988083,124414,5863669,Bank Loan,Lamjung,SP017
SALE0497,EV0497,2023-04-18,Hansraj Hulaschand,4429978,75783,4354195,Finance,Dhangadhi,SP002
SALE0498,EV0498,2024-04-15,ICTC Motors,2818846,3098,2815748,Finance,Hetauda,SP003
SALE0499,EV0499,2023-06-26,ICTC Motors,3860855,199811,3661044,Finance,Pokhara,SP044
SALE0500,EV0500,2022-09-13,Panchakanya Auto,3855021,188118,3666903,Leasing,Nepalgunj,SP049
SALE0501,EV0501,2024-01-22,Panchakanya Auto,4833178,9880,4823298,Finance,Bharatpur,SP023
SALE0502,EV0502,2022-04-28,Hansraj Hulaschand,2676551,60523,2616028,Bank Loan,Lalitpur,SP049
SALE0503,EV0503,2024-06-12,Panchakanya Auto,2540132,177136,2362996,Leasing,Dailekh,SP009
SALE0504,EV0504,2023-01-18,Sipradi Trading,6379431,18485,6360946,Finance,Jaleshwor,SP033
SALE0505,EV0505,2023-11-28,Panchakanya Auto,4379428,79648,4299780,Bank Loan,Waling,SP020
SALE0506,EV0506,2022-07-14,Hansraj Hulaschand,4232312,155459,4076853,Cash,Hetauda,SP009
SALE0507,EV0507,2022-09-01,Laxmi Motors,2800076,103039,2697037,Finance,Kathmandu,SP021
SALE0508,EV0508,2024-09-25,ICTC Motors,4158692,133924,4024768,Leasing,Lahan,SP023
SALE0509,EV0509,2023-06-24,ICTC Motors,4183710,39157,4144553,Bank Loan,Rajbiraj,SP023
SALE0510,EV0510,2024-03-23,ICTC Motors,2583454,77631,2505823,Cash,Waling,SP034
SALE0511,EV0511,2022-08-24,Laxmi Motors,2310880,178251,2132629,Bank Loan,Biratnagar,SP011
SALE0512,EV0512,2024-06-26,Panchakanya Auto,2471401,16461,2454940,Finance,Bhaktapur,SP048
SALE0513,EV0513,2024-07-09,Sipradi Trading,2438582,129255,2309327,Finance,Gaur,SP007
SALE0514,EV0514,2024-09-01,Hansraj Hulaschand,4439929,142005,4297924,Cash,Bharatpur,SP009
SALE0515,EV0515,2024-11-15,Sipradi Trading,3836282,134245,3702037,Bank Loan,Nepalgunj,SP001
SALE0516,EV0516,2022-05-07,Panchakanya Auto,5607283,59483,5547800,Finance,Jaleshwor,SP047
SALE0517,EV0517,2022-10-28,ICTC Motors,4995752,124553,4871199,Finance,Gorkha,SP035
SALE0518,EV0518,2022-10-18,Laxmi Motors,4430964,138162,4292802,Leasing,Birgunj,SP035
SALE0519,EV0519,2023-01-13,Sipradi Trading,2421908,97410,2324498,Finance,Pokhara,SP032
SALE0520,EV0520,2023-05-14,ICTC Motors,6200449,173666,6026783,Leasing,Hetauda,SP045
SALE0521,EV0521,2024-04-08,Hansraj Hulaschand,4142534,112418,4030116,Bank Loan,Beni,SP004
SALE0522,EV0522,2023-11-29,Sipradi Trading,5582391,32114,5550277,Leasing,Bhairahawa,SP022
SALE0523,EV0523,2024-10-05,Hansraj Hulaschand,4905526,114175,4791351,Cash,Kapilvastu,SP025
SALE0524,EV0524,2024-12-21,Hansraj Hulaschand,5936478,84252,5852226,Finance,Waling,SP007
SALE0525,EV0525,2022-06-01,Laxmi Motors,4121608,77047,4044561,Finance,Itahari,SP035
SALE0526,EV0526,2024-04-08,Sipradi Trading,5542058,174487,5367571,Finance,Banepa,SP010
SALE0527,EV0527,2023-12-11,Laxmi Motors,2443782,76897,2366885,Leasing,Hetauda,SP021
SALE0528,EV0528,2022-05-03,Sipradi Trading,5690213,18881,5671332,Bank Loan,Baglung,SP046
SALE0529,EV0529,2022-07-20,Sipradi Trading,4209371,15383,4193988,Leasing,Tulsipur,SP003
SALE0530,EV0530,2023-08-08,ICTC Motors,4923232,95805,4827427,Cash,Tansen,SP011
SALE0531,EV0531,2023-10-29,Laxmi Motors,2463673,111035,2352638,Leasing,Damak,SP046
SALE0532,EV0532,2022-06-29,ICTC Motors,2693387,132752,2560635,Leasing,Birtamod,SP037
SALE0533,EV0533,2024-10-24,Sipradi Trading,5532326,30722,5501604,Leasing,Waling,SP042
SALE0534,EV0534,2023-09-19,ICTC Motors,6426237,89433,6336804,Finance,Dhangadhi,SP029
SALE0535,EV0535,2022-01-05,Laxmi Motors,4244619,112551,4132068,Bank Loan,Tikapur,SP048
SALE0536,EV0536,2024-11-07,Sipradi Trading,2390968,71596,2319372,Cash,Gaur,SP017
SALE0537,EV0537,2024-05-08,ICTC Motors,4826479,43431,4783048,Bank Loan,Lalitpur,SP024
SALE0538,EV0538,2024-09-01,ICTC Motors,2408648,80850,2327798,Cash,Dharan,SP028
SALE0539,EV0539,2024-11-18,Laxmi Motors,5540754,158412,5382342,Bank Loan,Attariya,SP049
SALE0540,EV0540,2022-11-28,Sipradi Trading,3864101,145817,3718284,Finance,Rajbiraj,SP029
SALE0541,EV0541,2024-05-20,Panchakanya Auto,4998722,163731,4834991,Leasing,Damak,SP030
SALE0542,EV0542,2023-08-05,Sipradi Trading,4663902,174765,4489137,Bank Loan,Rajbiraj,SP020
SALE0543,EV0543,2022-12-26,ICTC Motors,6307351,96505,6210846,Finance,Gorkha,SP041
SALE0544,EV0544,2022-01-20,Panchakanya Auto,2491142,172695,2318447,Finance,Lamjung,SP004
SALE0545,EV0545,2023-06-24,Sipradi Trading,4312261,110151,4202110,Cash,Beni,SP016
SALE0546,EV0546,2024-06-17,Laxmi Motors,2662254,10479,2651775,Cash,Janakpur,SP025
SALE0547,EV0547,2023-02-02,Laxmi Motors,2871188,103486,2767702,Finance,Rajbiraj,SP010
SALE0548,EV0548,2023-04-20,Laxmi Motors,6442803,184143,6258660,Cash,Lalitpur,SP015
SALE0549,EV0549,2023-07-23,Laxmi Motors,2476717,186153,2290564,Bank Loan,Birtamod,SP006
SALE0550,EV0550,2024-01-09,Panchakanya Auto,6397811,52790,6345021,Cash,Baglung,SP024
SALE0551,EV0551,2024-04-11,Hansraj Hulaschand,5793397,17541,5775856,Leasing,Lamjung,SP050
SALE0552,EV0552,2023-11-16,ICTC Motors,6073918,112428,5961490,Bank Loan,Baglung,SP010
SALE0553,EV0553,2024-04-03,Hansraj Hulaschand,2604491,145783,2458708,Finance,Beni,SP010
SALE0554,EV0554,2023-09-05,Hansraj Hulaschand,4824410,66306,4758104,Leasing,Itahari,SP011
SALE0555,EV0555,2023-05-29,Panchakanya Auto,4484021,36202,4447819,Bank Loan,Janakpur,SP036
SALE0556,EV0556,2024-01-12,ICTC Motors,2233063,30452,2202611,Leasing,Kapilvastu,SP013
SALE0557,EV0557,2024-05-17,Laxmi Motors,2542875,55719,2487156,Bank Loan,Jumla,SP036
SALE0558,EV0558,2022-08-13,Hansraj Hulaschand,4208789,119920,4088869,Leasing,Tulsipur,SP025
SALE0559,EV0559,2023-04-27,Hansraj Hulaschand,2233818,141555,2092263,Cash,Nepalgunj,SP033
SALE0560,EV0560,2023-04-30,Hansraj Hulaschand,2724508,182318,2542190,Leasing,Biratnagar,SP020
SALE0561,EV0561,2023-11-05,ICTC Motors,2366719,147698,2219021,Finance,Banepa,SP037
SALE0562,EV0562,2022-08-03,Laxmi Motors,6029821,162315,5867506,Cash,Butwal,SP016
SALE0563,EV0563,2022-05-08,Hansraj Hulaschand,6481730,128569,6353161,Bank Loan,Birtamod,SP012
SALE0564,EV0564,2022-08-03,Laxmi Motors,4661035,9372,4651663,Leasing,Dhangadhi,SP047
SALE0565,EV0565,2024-05-14,Hansraj Hulaschand,2708208,147487,2560721,Leasing,Birtamod,SP005
SALE0566,EV0566,2023-03-14,Sipradi Trading,5739527,125743,5613784,Cash,Pokhara,SP020
SALE0567,EV0567,2024-08-01,Sipradi Trading,4714000,130961,4583039,Finance,Banepa,SP035
SALE0568,EV0568,2023-02-24,Hansraj Hulaschand,4220059,64267,4155792,Bank Loan,Butwal,SP027
SALE0569,EV0569,2023-02-17,Laxmi Motors,6177863,72033,6105830,Cash,Tulsipur,SP043
SALE0570,EV0570,2024-07-04,ICTC Motors,4115789,44439,4071350,Leasing,Jumla,SP048
SALE0571,EV0571,2022-05-30,Hansraj Hulaschand,4080587,19738,4060849,Bank Loan,Gorkha,SP030
SALE0572,EV0572,2024-09-19,Sipradi Trading,6129416,50308,6079108,Finance,Dharan,SP031
SALE0573,EV0573,2022-06-17,Panchakanya Auto,2558306,158296,2400010,Finance,Beni,SP037
SALE0574,EV0574,2023-02-20,ICTC Motors,2650654,105675,2544979,Leasing,Kapilvastu,SP039
SALE0575,EV0575,2023-03-25,Panchakanya Auto,4886964,199894,4687070,Bank Loan,Panauti,SP003
SALE0576,EV0576,2022-08-03,Hansraj Hulaschand,6185751,85912,6099839,Bank Loan,Banepa,SP017
SALE0577,EV0577,2022-07-29,ICTC Motors,6484124,125768,6358356,Bank Loan,Lamjung,SP042
SALE0578,EV0578,2022-06-18,Laxmi Motors,6052052,22521,6029531,Leasing,Damak,SP025
SALE0579,EV0579,2022-05-06,Hansraj Hulaschand,5933924,74228,5859696,Leasing,Panauti,SP023
SALE0580,EV0580,2022-08-03,ICTC Motors,5621645,168595,5453050,Cash,Kapilvastu,SP038
SALE0581,EV0581,2022-01-24,ICTC Motors,4051867,10276,4041591,Cash,Jaleshwor,SP008
SALE0582,EV0582,2024-10-04,Sipradi Trading,4930693,189429,4741264,Cash,Dailekh,SP015
SALE0583,EV0583,2022-05-29,ICTC Motors,2800075,35503,2764572,Bank Loan,Tulsipur,SP011
SALE0584,EV0584,2022-04-15,Panchakanya Auto,3925428,44905,3880523,Bank Loan,Itahari,SP031
SALE0585,EV0585,2022-04-04,Sipradi Trading,6039352,191535,5847817,Bank Loan,Birendranagar,SP030
SALE0586,EV0586,2024-03-12,Sipradi Trading,4821092,73057,4748035,Cash,Mahendranagar,SP045
SALE0587,EV0587,2024-07-07,ICTC Motors,4953612,130701,4822911,Bank Loan,Baglung,SP002
SALE0588,EV0588,2024-06-04,Sipradi Trading,4133916,172037,3961879,Bank Loan,Bhairahawa,SP047
SALE0589,EV0589,2024-12-13,Panchakanya Auto,5814402,24295,5790107,Leasing,Tulsipur,SP010
SALE0590,EV0590,2023-11-28,Hansraj Hulaschand,2538468,121061,2417407,Cash,Banepa,SP021
SALE0591,EV0591,2024-01-01,Laxmi Motors,5747576,1532,5746044,Leasing,Kirtipur,SP036
SALE0592,EV0592,2022-01-01,Laxmi Motors,2415570,113273,2302297,Finance,Bhairahawa,SP006
SALE0593,EV0593,2022-01-08,Laxmi Motors,2496448,19841,2476607,Bank Loan,Kirtipur,SP040
SALE0594,EV0594,2022-09-06,Panchakanya Auto,4350621,90812,4259809,Finance,Bharatpur,SP025
SALE0595,EV0595,2022-08-24,Panchakanya Auto,4994358,125711,4868647,Bank Loan,Waling,SP001
SALE0596,EV0596,2023-05-06,Sipradi Trading,2436515,14246,2422269,Bank Loan,Tulsipur,SP006
SALE0597,EV0597,2022-08-14,Panchakanya Auto,6006478,62274,5944204,Finance,Gorkha,SP029
SALE0598,EV0598,2024-05-25,Hansraj Hulaschand,4528377,153373,4375004,Leasing,Attariya,SP048
SALE0599,EV0599,2022-09-17,Hansraj Hulaschand,6177015,5113,6171902,Leasing,Mahendranagar,SP022
SALE0600,EV0600,2024-06-30,ICTC Motors,4454731,102768,4351963,Leasing,Mechinagar,SP038
SALE0601,EV0601,2023-09-17,Panchakanya Auto,4996956,9139,4987817,Bank Loan,Kirtipur,SP012
SALE0602,EV0602,2022-02-20,ICTC Motors,4990840,108952,4881888,Leasing,Nepalgunj,SP034
SALE0603,EV0603,2022-04-26,Sipradi Trading,4966833,108668,4858165,Finance,Panauti,SP029
SALE0604,EV0604,2024-07-19,ICTC Motors,5651480,139984,5511496,Finance,Waling,SP033
SALE0605,EV0605,2023-07-10,ICTC Motors,2521647,74256,2447391,Bank Loan,Biratnagar,SP035
SALE0606,EV0606,2024-08-10,ICTC Motors,4365785,51403,4314382,Finance,Hetauda,SP008
SALE0607,EV0607,2024-11-09,Laxmi Motors,2473586,71088,2402498,Leasing,Rajbiraj,SP004
SALE0608,EV0608,2022-09-06,Hansraj Hulaschand,4486229,74273,4411956,Cash,Itahari,SP041
SALE0609,EV0609,2024-10-06,Sipradi Trading,2634587,26189,2608398,Bank Loan,Jumla,SP028
SALE0610,EV0610,2024-04-24,Hansraj Hulaschand,4793198,123553,4669645,Leasing,Panauti,SP038
SALE0611,EV0611,2024-11-02,Sipradi Trading,4997110,108375,4888735,Bank Loan,Bhaktapur,SP006
SALE0612,EV0612,2023-03-04,Panchakanya Auto,2439133,134317,2304816,Bank Loan,Nepalgunj,SP047
SALE0613,EV0613,2022-12-29,Panchakanya Auto,4920966,69602,4851364,Finance,Janakpur,SP032
SALE0614,EV0614,2023-12-11,Laxmi Motors,4265535,88172,4177363,Cash,Biratnagar,SP016
SALE0615,EV0615,2023-01-29,Panchakanya Auto,2851484,191797,2659687,Cash,Tikapur,SP038
SALE0616,EV0616,2024-08-01,Hansraj Hulaschand,5987519,86403,5901116,Cash,Lahan,SP024
SALE0617,EV0617,2024-10-12,Panchakanya Auto,4997816,155089,4842727,Finance,Mahendranagar,SP049
SALE0618,EV0618,2022-03-07,ICTC Motors,4772208,25935,4746273,Finance,Baglung,SP020
SALE0619,EV0619,2024-04-23,Laxmi Motors,4332831,83074,4249757,Bank Loan,Madhyapur Thimi,SP004
SALE0620,EV0620,2023-02-12,Hansraj Hulaschand,4312593,109684,4202909,Bank Loan,Bharatpur,SP016
SALE0621,EV0621,2022-12-29,Sipradi Trading,4965900,40938,4924962,Bank Loan,Mahendranagar,SP039
SALE0622,EV0622,2022-03-10,Laxmi Motors,6475963,166411,6309552,Leasing,Bhairahawa,SP025
SALE0623,EV0623,2023-05-03,Hansraj Hulaschand,3947056,138262,3808794,Bank Loan,Dhulikhel,SP044
SALE0624,EV0624,2023-11-28,Panchakanya Auto,6339843,109571,6230272,Cash,Rajbiraj,SP038
SALE0625,EV0625,2022-10-21,Laxmi Motors,5967704,22708,5944996,Bank Loan,Bhaktapur,SP020
SALE0626,EV0626,2023-10-17,Panchakanya Auto,5947408,64706,5882702,Finance,Birgunj,SP048
SALE0627,EV0627,2022-07-26,Laxmi Motors,6354511,155862,6198649,Bank Loan,Janakpur,SP041
SALE0628,EV0628,2022-08-06,Panchakanya Auto,2579476,178680,2400796,Leasing,Pokhara,SP046
SALE0629,EV0629,2024-06-21,Hansraj Hulaschand,2504615,110514,2394101,Leasing,Itahari,SP047
SALE0630,EV0630,2022-02-07,Panchakanya Auto,6265738,120287,6145451,Finance,Attariya,SP041
SALE0631,EV0631,2022-02-28,Laxmi Motors,6476684,179324,6297360,Finance,Biratnagar,SP019
SALE0632,EV0632,2022-11-08,Panchakanya Auto,4912815,6292,4906523,Leasing,Madhyapur Thimi,SP026
SALE0633,EV0633,2024-03-03,Laxmi Motors,2813589,107975,2705614,Leasing,Janakpur,SP039
SALE0634,EV0634,2022-12-02,Sipradi Trading,2209773,179251,2030522,Cash,Tulsipur,SP025
SALE0635,EV0635,2023-01-05,Panchakanya Auto,4453065,132328,4320737,Finance,Lahan,SP012
SALE0636,EV0636,2022-12-17,Sipradi Trading,2439210,189207,2250003,Cash,Birgunj,SP007
SALE0637,EV0637,2024-11-15,Hansraj Hulaschand,6492611,723,6491888,Cash,Biratnagar,SP019
SALE0638,EV0638,2023-08-28,Sipradi Trading,2237948,142234,2095714,Cash,Lahan,SP045
SALE0639,EV0639,2022-02-27,ICTC Motors,4759162,48395,4710767,Finance,Pokhara,SP033
SALE0640,EV0640,2023-03-28,Sipradi Trading,6400742,189982,6210760,Bank Loan,Mahendranagar,SP028
SALE0641,EV0641,2023-04-18,Panchakanya Auto,6305705,195363,6110342,Finance,Tulsipur,SP011
SALE0642,EV0642,2024-04-29,Hansraj Hulaschand,2856397,179342,2677055,Finance,Waling,SP018
SALE0643,EV0643,2024-03-22,Hansraj Hulaschand,2341422,8296,2333126,Leasing,Lamjung,SP032
SALE0644,EV0644,2023-07-09,Panchakanya Auto,2553461,131752,2421709,Bank Loan,Kathmandu,SP016
SALE0645,EV0645,2024-09-21,Hansraj Hulaschand,2658854,100890,2557964,Leasing,Dailekh,SP009
SALE0646,EV0646,2023-10-18,Panchakanya Auto,2555563,112690,2442873,Finance,Dailekh,SP044
SALE0647,EV0647,2023-07-05,Panchakanya Auto,4491059,66808,4424251,Leasing,Nepalgunj,SP035
SALE0648,EV0648,2024-01-14,Hansraj Hulaschand,6332049,186664,6145385,Finance,Pokhara,SP047
SALE0649,EV0649,2024-08-04,Hansraj Hulaschand,2432129,147819,2284310,Bank Loan,Attariya,SP040
SALE0650,EV0650,2022-09-07,Hansraj Hulaschand,5576187,149795,5426392,Bank Loan,Kathmandu,SP019
SALE0651,EV0651,2023-06-27,Laxmi Motors,4235904,169237,4066667,Bank Loan,Banepa,SP023
SALE0652,EV0652,2023-03-14,ICTC Motors,6016999,55597,5961402,Finance,Bhaktapur,SP019
SALE0653,EV0653,2022-06-02,Panchakanya Auto,4278795,26644,4252151,Leasing,Rajbiraj,SP023
SALE0654,EV0654,2022-11-12,Hansraj Hulaschand,4121179,46523,4074656,Cash,Mahendranagar,SP016
SALE0655,EV0655,2023-01-10,Sipradi Trading,2432426,152071,2280355,Finance,Biratnagar,SP013
SALE0656,EV0656,2022-07-30,ICTC Motors,4159665,57873,4101792,Bank Loan,Kapilvastu,SP038
SALE0657,EV0657,2023-08-20,Panchakanya Auto,5663474,61141,5602333,Finance,Itahari,SP030
SALE0658,EV0658,2023-02-03,Hansraj Hulaschand,5544611,193548,5351063,Finance,Kathmandu,SP032
SALE0659,EV0659,2022-06-19,Hansraj Hulaschand,4719544,100897,4618647,Cash,Itahari,SP003
SALE0660,EV0660,2024-10-08,Hansraj Hulaschand,4611622,47764,4563858,Leasing,Nepalgunj,SP032
SALE0661,EV0661,2024-12-02,Panchakanya Auto,4183802,31281,4152521,Leasing,Waling,SP016
SALE0662,EV0662,2022-02-13,Hansraj Hulaschand,5558866,53657,5505209,Finance,Kathmandu,SP045
SALE0663,EV0663,2024-08-24,Panchakanya Auto,5726959,145070,5581889,Bank Loan,Dhangadhi,SP019
SALE0664,EV0664,2023-08-13,Laxmi Motors,4290082,153755,4136327,Bank Loan,Bhaktapur,SP049
SALE0665,EV0665,2022-07-14,Hansraj Hulaschand,3862818,48709,3814109,Bank Loan,Kirtipur,SP018
SALE0666,EV0666,2024-10-11,Hansraj Hulaschand,2896844,113688,2783156,Finance,Bhaktapur,SP025
SALE0667,EV0667,2022-08-21,Laxmi Motors,2612020,178102,2433918,Cash,Bhaktapur,SP026
SALE0668,EV0668,2023-04-23,Laxmi Motors,5629022,2468,5626554,Bank Loan,Tikapur,SP033
SALE0669,EV0669,2024-11-26,Panchakanya Auto,2406464,131403,2275061,Cash,Tansen,SP038
SALE0670,EV0670,2022-02-17,Panchakanya Auto,5837178,8948,5828230,Finance,Attariya,SP015
SALE0671,EV0671,2022-05-06,Sipradi Trading,5591566,26229,5565337,Finance,Lahan,SP033
SALE0672,EV0672,2022-03-05,Hansraj Hulaschand,5792022,628,5791394,Finance,Attariya,SP038
SALE0673,EV0673,2022-06-23,Laxmi Motors,2557747,3719,2554028,Finance,Birendranagar,SP035
SALE0674,EV0674,2024-10-18,Sipradi Trading,4993930,119822,4874108,Cash,Gaur,SP008
SALE0675,EV0675,2023-11-01,ICTC Motors,6334267,141792,6192475,Leasing,Pokhara,SP047
SALE0676,EV0676,2023-12-08,Sipradi Trading,5505586,108963,5396623,Finance,Itahari,SP035
SALE0677,EV0677,2024-08-07,Sipradi Trading,4467972,185086,4282886,Finance,Janakpur,SP045
SALE0678,EV0678,2024-09-24,Panchakanya Auto,4351094,94974,4256120,Cash,Kapilvastu,SP047
SALE0679,EV0679,2023-12-22,ICTC Motors,5566537,103568,5462969,Bank Loan,Tulsipur,SP021
SALE0680,EV0680,2022-01-21,Laxmi Motors,5814954,56204,5758750,Bank Loan,Butwal,SP040
SALE0681,EV0681,2024-12-13,Hansraj Hulaschand,5755884,122162,5633722,Leasing,Banepa,SP013
SALE0682,EV0682,2022-03-01,ICTC Motors,6372719,118575,6254144,Finance,Banepa,SP024
SALE0683,EV0683,2023-11-27,Laxmi Motors,2303254,48905,2254349,Bank Loan,Rajbiraj,SP008
SALE0684,EV0684,2022-02-23,Hansraj Hulaschand,4818273,95335,4722938,Cash,Birgunj,SP036
SALE0685,EV0685,2024-08-09,ICTC Motors,2507048,56716,2450332,Bank Loan,Madhyapur Thimi,SP033
SALE0686,EV0686,2022-06-22,ICTC Motors,4902962,143986,4758976,Bank Loan,Mechinagar,SP004
SALE0687,EV0687,2023-10-08,Sipradi Trading,4297422,150500,4146922,Bank Loan,Hetauda,SP004
SALE0688,EV0688,2024-04-19,Panchakanya Auto,3858013,80667,3777346,Bank Loan,Pokhara,SP007
SALE0689,EV0689,2023-12-11,ICTC Motors,2464866,50853,2414013,Bank Loan,Janakpur,SP045
SALE0690,EV0690,2022-10-16,Panchakanya Auto,2587099,93188,2493911,Bank Loan,Baglung,SP040
SALE0691,EV0691,2024-07-27,Laxmi Motors,6483235,78790,6404445,Leasing,Beni,SP018
SALE0692,EV0692,2022-01-03,Panchakanya Auto,5777814,91892,5685922,Bank Loan,Jumla,SP033
SALE0693,EV0693,2024-12-12,Laxmi Motors,6219436,196843,6022593,Finance,Gorkha,SP004
SALE0694,EV0694,2022-04-09,Laxmi Motors,2437326,50795,2386531,Leasing,Nepalgunj,SP046
SALE0695,EV0695,2024-06-17,Laxmi Motors,4930115,22737,4907378,Finance,Mahendranagar,SP032
SALE0696,EV0696,2024-04-03,ICTC Motors,4492617,36583,4456034,Bank Loan,Lamjung,SP025
SALE0697,EV0697,2024-06-26,Laxmi Motors,6099061,159550,5939511,Leasing,Rajbiraj,SP013
SALE0698,EV0698,2022-08-03,Sipradi Trading,4330479,97847,4232632,Cash,Mahendranagar,SP042
SALE0699,EV0699,2022-12-17,Laxmi Motors,4750616,121778,4628838,Leasing,Birtamod,SP028
SALE0700,EV0700,2023-12-28,Laxmi Motors,4650222,132854,4517368,Bank Loan,Tikapur,SP014
