Service_ID,Vehicle_ID,Service_Date,Service_Type,Service_Cost_NPR,Mileage_at_Service,City,Service_Center,Technician_ID,Customer_Rating
SRV0001,EV0636,2024-09-11,Regular Service,28681,28266,Birgunj,Authorized Center,TECH006,3.7
SRV0002,EV0502,2024-09-04,Regular Service,42873,23081,Lalitpur,Authorized Center,TECH029,4.1
SRV0003,EV0395,2024-10-20,Body Repair,10883,18478,Birendranagar,Third Party,TECH004,4.3
SRV0004,EV0619,2023-12-11,Tire Replacement,26773,18728,Madhyapur Thimi,Third Party,TECH016,4.1
SRV0005,EV0051,2024-07-16,AC Service,5725,16506,Kirtipur,Third Party,TECH021,4.5
SRV0006,EV0143,2024-07-04,Body Repair,27539,16491,Nepalgunj,Third Party,TECH029,4.9
SRV0007,EV0347,2023-11-05,Body Repair,43005,10279,Tikapur,Third Party,TECH003,4.3
SRV0008,EV0235,2022-08-26,Brake Service,42006,13072,Bhairahawa,Third Party,TECH024,4.1
SRV0009,EV0456,2024-09-30,Body Repair,4223,20100,Tansen,Third Party,TECH003,4.9
SRV0010,EV0594,2023-09-15,AC Service,34386,26670,Bharatpur,Third Party,TECH025,4.2
SRV0011,EV0252,2023-02-18,Software Update,34507,23063,Itahari,Third Party,TECH030,3.5
SRV0012,EV0188,2022-12-29,Body Repair,6169,26039,Pokhara,Authorized Center,TECH028,4.5
SRV0013,EV0230,2022-10-25,AC Service,11642,6685,Bharatpur,Authorized Center,TECH024,3.9
SRV0014,EV0216,2024-12-13,Brake Service,39231,17243,Nepalgunj,Third Party,TECH022,4.7
SRV0015,EV0515,2023-07-29,Tire Replacement,44877,24634,Nepalgunj,Third Party,TECH024,4.2
SRV0016,EV0532,2024-12-30,Tire Replacement,23439,23866,Birtamod,Authorized Center,TECH019,5.0
SRV0017,EV0431,2022-01-16,Regular Service,23022,25031,Attariya,Third Party,TECH023,4.9
SRV0018,EV0098,2024-06-06,Body Repair,21007,15846,Gaur,Third Party,TECH019,3.9
SRV0019,EV0514,2024-01-21,Brake Service,17629,24348,Bharatpur,Authorized Center,TECH018,4.2
SRV0020,EV0687,2023-09-10,Regular Service,5259,6486,Hetauda,Authorized Center,TECH001,4.4
SRV0021,EV0106,2022-06-04,Body Repair,10709,18161,Bhaktapur,Third Party,TECH026,4.1
SRV0022,EV0142,2023-03-13,AC Service,25194,13188,Kirtipur,Third Party,TECH024,4.5
SRV0023,EV0054,2024-08-27,Software Update,48432,11742,Banepa,Third Party,TECH010,4.0
SRV0024,EV0047,2023-10-30,Body Repair,49722,26298,Bhaktapur,Third Party,TECH011,4.7
SRV0025,EV0657,2023-11-02,Battery Check,3669,17019,Itahari,Third Party,TECH012,5.0
SRV0026,EV0432,2022-04-16,Tire Replacement,37913,16472,Attariya,Third Party,TECH021,4.5
SRV0027,EV0458,2023-04-06,Tire Replacement,11504,26549,Bhairahawa,Authorized Center,TECH027,3.8
SRV0028,EV0574,2022-06-13,AC Service,10997,14385,Kapilvastu,Authorized Center,TECH005,3.7
SRV0029,EV0109,2022-09-23,Software Update,26895,25850,Kirtipur,Authorized Center,TECH025,4.6
SRV0030,EV0693,2024-11-30,Body Repair,5756,7236,Gorkha,Authorized Center,TECH016,4.8
SRV0031,EV0646,2022-01-29,Regular Service,29068,24054,Dailekh,Authorized Center,TECH008,3.7
SRV0032,EV0090,2023-06-03,Tire Replacement,22617,4681,Janakpur,Third Party,TECH003,4.9
SRV0033,EV0687,2024-10-23,Brake Service,30619,2653,Hetauda,Third Party,TECH006,4.7
SRV0034,EV0697,2023-12-28,Body Repair,15075,15251,Rajbiraj,Authorized Center,TECH016,4.7
SRV0035,EV0572,2022-06-26,Tire Replacement,12746,29332,Dharan,Third Party,TECH003,3.6
SRV0036,EV0148,2024-08-28,Regular Service,41467,25148,Damak,Authorized Center,TECH006,4.8
SRV0037,EV0361,2023-11-05,Tire Replacement,24503,5381,Waling,Third Party,TECH028,4.8
SRV0038,EV0582,2023-08-08,Software Update,20239,7774,Dailekh,Authorized Center,TECH023,4.0
SRV0039,EV0067,2024-09-16,Software Update,5077,27095,Dharan,Authorized Center,TECH006,3.7
SRV0040,EV0077,2024-09-29,Body Repair,45857,27563,Birtamod,Third Party,TECH013,3.7
SRV0041,EV0597,2024-12-22,Tire Replacement,42390,18815,Gorkha,Authorized Center,TECH011,4.8
SRV0042,EV0202,2024-05-31,Tire Replacement,19614,12714,Banepa,Third Party,TECH018,4.5
SRV0043,EV0203,2023-03-31,Tire Replacement,7671,7066,Bharatpur,Authorized Center,TECH012,3.7
SRV0044,EV0147,2022-02-25,Tire Replacement,22244,11354,Dharan,Third Party,TECH029,4.0
SRV0045,EV0162,2023-04-26,Software Update,43044,6936,Rajbiraj,Authorized Center,TECH027,3.8
SRV0046,EV0134,2023-03-22,AC Service,39542,21853,Birtamod,Third Party,TECH013,4.2
SRV0047,EV0563,2024-02-09,Battery Check,10280,26534,Birtamod,Authorized Center,TECH002,3.7
SRV0048,EV0118,2022-09-15,Brake Service,45283,29147,Tansen,Authorized Center,TECH001,3.7
SRV0049,EV0308,2024-08-11,Body Repair,34354,21770,Waling,Authorized Center,TECH011,4.4
SRV0050,EV0098,2023-01-23,AC Service,49056,21216,Gaur,Third Party,TECH027,4.4
SRV0051,EV0516,2024-05-08,AC Service,19684,10424,Jaleshwor,Authorized Center,TECH025,4.1
SRV0052,EV0359,2022-04-14,Body Repair,29061,13941,Janakpur,Authorized Center,TECH021,4.0
SRV0053,EV0044,2023-04-04,Battery Check,37141,19385,Mahendranagar,Authorized Center,TECH002,4.1
SRV0054,EV0347,2024-01-29,Tire Replacement,18383,2243,Tikapur,Authorized Center,TECH016,4.9
SRV0055,EV0203,2022-08-21,Regular Service,25567,16568,Bharatpur,Authorized Center,TECH029,4.6
SRV0056,EV0169,2024-08-20,Body Repair,36723,29480,Lalitpur,Authorized Center,TECH013,5.0
SRV0057,EV0582,2024-03-16,Tire Replacement,7864,23748,Dailekh,Authorized Center,TECH019,3.8
SRV0058,EV0220,2022-11-16,Brake Service,41286,4745,Jumla,Third Party,TECH001,3.9
SRV0059,EV0201,2024-10-23,Battery Check,16024,7538,Birendranagar,Third Party,TECH011,3.7
SRV0060,EV0085,2023-08-02,Body Repair,19369,12762,Pokhara,Third Party,TECH005,5.0
SRV0061,EV0153,2022-07-15,Software Update,41370,8557,Damak,Authorized Center,TECH025,3.6
SRV0062,EV0020,2023-08-24,Tire Replacement,9899,25951,Kathmandu,Third Party,TECH007,3.8
SRV0063,EV0547,2024-10-19,Tire Replacement,43869,25288,Rajbiraj,Authorized Center,TECH024,4.3
SRV0064,EV0577,2023-12-23,Battery Check,6000,8835,Lamjung,Authorized Center,TECH018,3.7
SRV0065,EV0549,2022-05-06,Software Update,12115,26260,Birtamod,Authorized Center,TECH024,3.6
SRV0066,EV0289,2022-10-27,Brake Service,41727,18152,Dhulikhel,Third Party,TECH003,4.7
SRV0067,EV0420,2023-08-04,Regular Service,47917,9771,Bhairahawa,Authorized Center,TECH015,3.8
SRV0068,EV0040,2022-09-20,Software Update,12301,20378,Dhulikhel,Authorized Center,TECH030,3.7
SRV0069,EV0173,2022-08-12,Tire Replacement,23347,22808,Pokhara,Third Party,TECH019,3.7
SRV0070,EV0326,2022-12-12,Brake Service,11557,25994,Bharatpur,Third Party,TECH008,3.7
SRV0071,EV0464,2022-04-27,Brake Service,42778,12088,Kapilvastu,Authorized Center,TECH011,3.8
SRV0072,EV0469,2022-03-23,AC Service,43794,16113,Dhulikhel,Third Party,TECH020,4.9
SRV0073,EV0332,2023-05-05,Regular Service,37565,22872,Madhyapur Thimi,Authorized Center,TECH026,4.9
SRV0074,EV0421,2022-10-03,Brake Service,39010,21533,Mahendranagar,Third Party,TECH011,3.8
SRV0075,EV0633,2022-05-08,Battery Check,37089,3348,Janakpur,Third Party,TECH003,3.7
SRV0076,EV0356,2024-05-08,Software Update,24713,5002,Dharan,Authorized Center,TECH017,3.7
SRV0077,EV0534,2024-05-03,Body Repair,3494,1576,Dhangadhi,Authorized Center,TECH024,4.2
SRV0078,EV0312,2023-09-09,Battery Check,44393,7535,Attariya,Third Party,TECH009,4.9
SRV0079,EV0324,2022-11-13,Brake Service,35951,19655,Kapilvastu,Third Party,TECH013,4.7
SRV0080,EV0018,2023-08-25,Brake Service,14030,19839,Tulsipur,Third Party,TECH017,3.6
SRV0081,EV0523,2022-02-20,Body Repair,28217,11235,Kapilvastu,Third Party,TECH014,4.8
SRV0082,EV0048,2024-04-16,Body Repair,8675,7309,Biratnagar,Third Party,TECH010,4.3
SRV0083,EV0064,2023-08-14,AC Service,29813,18057,Jaleshwor,Authorized Center,TECH029,4.4
SRV0084,EV0507,2023-03-05,Regular Service,3602,15905,Kathmandu,Authorized Center,TECH023,4.1
SRV0085,EV0284,2024-04-30,Tire Replacement,32191,29533,Kirtipur,Third Party,TECH007,3.8
SRV0086,EV0502,2022-05-11,Brake Service,36464,21605,Lalitpur,Authorized Center,TECH011,3.8
SRV0087,EV0187,2024-03-04,Tire Replacement,4557,5789,Butwal,Authorized Center,TECH001,4.2
SRV0088,EV0064,2024-10-31,Battery Check,11554,6479,Jaleshwor,Third Party,TECH006,4.8
SRV0089,EV0608,2022-10-20,AC Service,47637,26148,Itahari,Authorized Center,TECH007,3.6
SRV0090,EV0588,2024-04-12,Regular Service,43776,25930,Bhairahawa,Authorized Center,TECH022,4.0
SRV0091,EV0403,2023-05-14,Brake Service,34684,25087,Beni,Authorized Center,TECH023,4.7
SRV0092,EV0554,2022-06-14,Regular Service,19351,29870,Itahari,Authorized Center,TECH022,4.3
SRV0093,EV0261,2022-01-01,Brake Service,49904,28544,Mahendranagar,Authorized Center,TECH009,3.8
SRV0094,EV0699,2023-08-08,Software Update,16214,24370,Birtamod,Third Party,TECH002,5.0
SRV0095,EV0389,2022-02-02,AC Service,7866,6040,Kirtipur,Authorized Center,TECH009,3.6
SRV0096,EV0164,2024-05-29,Battery Check,7379,1549,Lamjung,Authorized Center,TECH011,4.3
SRV0097,EV0253,2024-10-13,Regular Service,18835,27976,Gorkha,Third Party,TECH023,3.7
SRV0098,EV0279,2023-06-02,AC Service,37663,6790,Kathmandu,Authorized Center,TECH009,3.6
SRV0099,EV0572,2022-06-22,Tire Replacement,10216,10447,Dharan,Authorized Center,TECH015,4.1
SRV0100,EV0101,2023-01-22,Battery Check,34074,16139,Mahendranagar,Third Party,TECH015,4.2
SRV0101,EV0165,2022-04-11,Regular Service,28210,25044,Butwal,Third Party,TECH017,4.8
SRV0102,EV0429,2024-09-03,Regular Service,23524,26433,Jaleshwor,Authorized Center,TECH002,4.8
SRV0103,EV0423,2022-02-28,Tire Replacement,19481,12462,Attariya,Third Party,TECH030,4.9
SRV0104,EV0008,2022-10-03,Battery Check,14477,18685,Lalitpur,Third Party,TECH003,4.1
SRV0105,EV0157,2024-03-30,Brake Service,25059,17149,Gaur,Authorized Center,TECH026,4.5
SRV0106,EV0151,2022-12-08,Tire Replacement,33681,16043,Butwal,Third Party,TECH005,3.7
SRV0107,EV0462,2022-11-24,Body Repair,21554,7173,Itahari,Third Party,TECH012,3.9
SRV0108,EV0181,2022-09-11,Regular Service,23645,29913,Birgunj,Authorized Center,TECH001,4.9
SRV0109,EV0646,2022-04-19,Software Update,24049,29903,Dailekh,Authorized Center,TECH004,3.9
SRV0110,EV0231,2024-06-24,Tire Replacement,30521,16815,Waling,Third Party,TECH017,3.7
SRV0111,EV0249,2024-10-26,Body Repair,19959,21857,Tikapur,Authorized Center,TECH024,3.8
SRV0112,EV0579,2024-04-18,Brake Service,48000,15479,Panauti,Authorized Center,TECH006,3.9
SRV0113,EV0374,2022-01-16,Body Repair,20462,15175,Bharatpur,Authorized Center,TECH003,3.9
SRV0114,EV0026,2024-11-17,Brake Service,37861,19336,Kapilvastu,Authorized Center,TECH005,4.1
SRV0115,EV0469,2023-08-02,Tire Replacement,28438,6472,Dhulikhel,Third Party,TECH009,3.5
SRV0116,EV0624,2024-07-14,Software Update,22563,25487,Rajbiraj,Third Party,TECH011,4.0
SRV0117,EV0021,2023-07-04,Software Update,44462,11039,Bharatpur,Third Party,TECH002,3.9
SRV0118,EV0120,2024-07-18,Body Repair,19895,23307,Dharan,Authorized Center,TECH020,4.7
SRV0119,EV0662,2022-05-26,Software Update,40593,3827,Kathmandu,Authorized Center,TECH013,4.1
SRV0120,EV0477,2023-05-07,Regular Service,41041,16933,Gorkha,Third Party,TECH015,4.2
SRV0121,EV0386,2022-03-29,Body Repair,22382,16824,Dhulikhel,Third Party,TECH026,3.8
SRV0122,EV0325,2024-02-12,Regular Service,32868,13199,Itahari,Third Party,TECH012,4.0
SRV0123,EV0133,2022-06-25,Software Update,16161,1793,Dhulikhel,Authorized Center,TECH020,4.8
SRV0124,EV0354,2023-02-18,Software Update,22050,17942,Baglung,Third Party,TECH010,3.6
SRV0125,EV0612,2023-10-11,Battery Check,11740,15437,Nepalgunj,Third Party,TECH029,4.9
SRV0126,EV0440,2023-07-12,Battery Check,25742,17673,Kapilvastu,Authorized Center,TECH007,3.7
SRV0127,EV0027,2024-01-19,Regular Service,43906,27153,Jumla,Authorized Center,TECH011,3.8
SRV0128,EV0194,2024-12-21,Regular Service,3809,25307,Bhaktapur,Authorized Center,TECH025,4.6
SRV0129,EV0622,2022-08-27,Regular Service,18132,15010,Bhairahawa,Authorized Center,TECH015,3.5
SRV0130,EV0396,2022-12-04,AC Service,43318,2720,Biratnagar,Authorized Center,TECH001,4.3
SRV0131,EV0609,2022-02-01,Brake Service,36404,23910,Jumla,Third Party,TECH004,3.5
SRV0132,EV0646,2024-06-28,Regular Service,48068,15932,Dailekh,Third Party,TECH020,3.6
SRV0133,EV0682,2022-06-19,Battery Check,11772,13512,Banepa,Authorized Center,TECH011,4.8
SRV0134,EV0088,2023-01-16,Software Update,29107,26215,Waling,Third Party,TECH011,4.7
SRV0135,EV0530,2022-05-12,Software Update,19814,19358,Tansen,Authorized Center,TECH009,5.0
SRV0136,EV0621,2023-09-17,Tire Replacement,49943,29518,Mahendranagar,Authorized Center,TECH018,4.7
SRV0137,EV0327,2024-10-11,Body Repair,32619,14209,Dhangadhi,Third Party,TECH025,3.6
SRV0138,EV0547,2022-01-04,Tire Replacement,20924,15000,Rajbiraj,Third Party,TECH005,3.7
SRV0139,EV0498,2023-03-11,Body Repair,41845,18725,Hetauda,Third Party,TECH014,4.4
SRV0140,EV0175,2022-02-04,Tire Replacement,48019,21333,Dhulikhel,Authorized Center,TECH030,4.9
SRV0141,EV0257,2023-03-12,Brake Service,37675,11981,Rajbiraj,Authorized Center,TECH005,3.9
SRV0142,EV0159,2023-03-05,Battery Check,7273,20975,Hetauda,Authorized Center,TECH001,4.9
SRV0143,EV0619,2022-07-30,AC Service,6413,11520,Madhyapur Thimi,Authorized Center,TECH003,4.0
SRV0144,EV0091,2022-10-18,Battery Check,11871,1849,Attariya,Third Party,TECH008,3.7
SRV0145,EV0392,2023-08-01,Battery Check,6708,21264,Lalitpur,Third Party,TECH026,4.5
SRV0146,EV0037,2024-07-24,AC Service,27517,15294,Beni,Authorized Center,TECH018,3.8
SRV0147,EV0538,2023-08-10,Software Update,21130,5367,Dharan,Authorized Center,TECH011,4.5
SRV0148,EV0370,2022-12-05,Tire Replacement,33455,6844,Baglung,Authorized Center,TECH015,4.8
SRV0149,EV0452,2024-10-25,Software Update,16484,5987,Biratnagar,Third Party,TECH005,4.3
SRV0150,EV0542,2024-10-02,Tire Replacement,27322,24162,Rajbiraj,Third Party,TECH026,4.0
SRV0151,EV0332,2023-03-07,Regular Service,21010,27213,Madhyapur Thimi,Authorized Center,TECH025,4.2
SRV0152,EV0067,2022-12-31,Tire Replacement,13201,9651,Dharan,Third Party,TECH012,3.9
SRV0153,EV0438,2023-07-29,AC Service,32960,3146,Beni,Third Party,TECH005,4.6
SRV0154,EV0070,2023-01-27,Software Update,41969,20968,Mechinagar,Authorized Center,TECH011,4.1
SRV0155,EV0072,2023-07-23,Tire Replacement,14010,16136,Tikapur,Third Party,TECH018,4.6
SRV0156,EV0455,2023-08-14,Tire Replacement,2409,5238,Banepa,Third Party,TECH016,3.6
SRV0157,EV0689,2024-01-28,Brake Service,5974,18940,Janakpur,Authorized Center,TECH009,3.7
SRV0158,EV0079,2024-09-11,Regular Service,24887,3142,Mahendranagar,Authorized Center,TECH001,4.2
SRV0159,EV0596,2022-03-22,Regular Service,29474,17377,Tulsipur,Third Party,TECH001,4.7
SRV0160,EV0695,2022-05-14,AC Service,2103,9814,Mahendranagar,Third Party,TECH028,3.7
SRV0161,EV0003,2024-07-26,Regular Service,2117,19755,Bharatpur,Authorized Center,TECH030,4.0
SRV0162,EV0086,2022-06-29,Battery Check,17570,29512,Itahari,Authorized Center,TECH014,3.8
SRV0163,EV0241,2023-10-23,Tire Replacement,7689,11922,Hetauda,Third Party,TECH017,4.9
SRV0164,EV0130,2024-02-19,Regular Service,10854,6105,Birtamod,Third Party,TECH014,4.2
SRV0165,EV0162,2024-05-19,Tire Replacement,29825,28258,Rajbiraj,Authorized Center,TECH024,4.0
SRV0166,EV0312,2024-03-30,Body Repair,28474,17026,Attariya,Authorized Center,TECH010,4.6
SRV0167,EV0659,2023-08-19,Battery Check,29795,7143,Itahari,Authorized Center,TECH021,4.2
SRV0168,EV0126,2023-09-12,Body Repair,48018,17115,Madhyapur Thimi,Third Party,TECH014,4.6
SRV0169,EV0441,2022-05-07,Software Update,40439,4391,Kirtipur,Authorized Center,TECH007,3.9
SRV0170,EV0397,2023-04-21,AC Service,8292,20436,Jumla,Authorized Center,TECH011,4.5
SRV0171,EV0573,2022-01-15,Body Repair,40760,4862,Beni,Third Party,TECH024,3.9
SRV0172,EV0236,2022-01-26,Battery Check,45531,7469,Tikapur,Third Party,TECH008,5.0
SRV0173,EV0168,2022-05-19,Software Update,34486,2587,Jumla,Third Party,TECH027,4.3
SRV0174,EV0408,2024-07-25,Brake Service,28094,16927,Janakpur,Authorized Center,TECH011,4.7
SRV0175,EV0659,2023-12-18,Brake Service,6362,11807,Itahari,Third Party,TECH018,4.5
SRV0176,EV0689,2022-02-27,Body Repair,25138,25041,Janakpur,Authorized Center,TECH009,3.8
SRV0177,EV0252,2023-12-04,Brake Service,21845,29887,Itahari,Third Party,TECH017,4.5
SRV0178,EV0646,2024-03-20,Body Repair,12835,6932,Dailekh,Third Party,TECH004,4.2
SRV0179,EV0474,2022-11-21,Regular Service,27594,6490,Janakpur,Third Party,TECH030,3.6
SRV0180,EV0114,2023-03-04,Regular Service,15483,17531,Bhaktapur,Authorized Center,TECH018,4.9
SRV0181,EV0674,2023-06-10,Body Repair,48318,6260,Gaur,Authorized Center,TECH007,3.9
SRV0182,EV0654,2024-03-08,Brake Service,33969,29501,Mahendranagar,Third Party,TECH025,4.2
SRV0183,EV0586,2024-10-17,AC Service,16555,4234,Mahendranagar,Third Party,TECH020,4.0
SRV0184,EV0126,2024-10-04,Brake Service,7549,12746,Madhyapur Thimi,Authorized Center,TECH007,4.6
SRV0185,EV0328,2022-04-19,Tire Replacement,47951,6439,Tulsipur,Third Party,TECH014,4.1
SRV0186,EV0580,2022-07-29,Software Update,2188,23119,Kapilvastu,Third Party,TECH010,3.9
SRV0187,EV0162,2022-08-13,Battery Check,15333,27085,Rajbiraj,Third Party,TECH017,4.4
SRV0188,EV0117,2024-09-04,Brake Service,44376,19642,Birendranagar,Authorized Center,TECH016,4.7
SRV0189,EV0174,2022-09-07,Tire Replacement,16014,17483,Nepalgunj,Third Party,TECH009,3.5
SRV0190,EV0503,2023-06-14,AC Service,3199,12629,Dailekh,Authorized Center,TECH017,4.4
SRV0191,EV0003,2023-02-11,Brake Service,29297,14776,Bharatpur,Third Party,TECH018,3.5
SRV0192,EV0222,2023-02-22,Regular Service,32318,5108,Hetauda,Third Party,TECH014,4.0
SRV0193,EV0614,2022-04-24,Software Update,40241,18190,Biratnagar,Authorized Center,TECH025,4.3
SRV0194,EV0567,2022-09-25,Brake Service,30497,5360,Banepa,Authorized Center,TECH016,4.7
SRV0195,EV0175,2022-08-29,Tire Replacement,32473,5332,Dhulikhel,Third Party,TECH029,4.5
SRV0196,EV0380,2023-12-31,Tire Replacement,24238,13301,Jumla,Authorized Center,TECH020,4.0
SRV0197,EV0408,2023-07-18,AC Service,29579,14762,Janakpur,Authorized Center,TECH006,4.5
SRV0198,EV0554,2022-03-15,Tire Replacement,23021,6108,Itahari,Authorized Center,TECH025,4.8
SRV0199,EV0074,2023-08-09,Battery Check,14295,19206,Kathmandu,Authorized Center,TECH026,4.1
SRV0200,EV0389,2022-04-07,Body Repair,12573,17980,Kirtipur,Third Party,TECH010,3.6
SRV0201,EV0072,2024-07-02,AC Service,23799,10834,Tikapur,Third Party,TECH025,4.0
SRV0202,EV0623,2024-02-07,Tire Replacement,45649,28614,Dhulikhel,Authorized Center,TECH022,4.2
SRV0203,EV0657,2023-10-28,Body Repair,24763,3424,Itahari,Third Party,TECH021,3.8
SRV0204,EV0605,2024-10-04,Software Update,46015,19538,Biratnagar,Authorized Center,TECH002,4.7
SRV0205,EV0464,2024-12-25,Software Update,18295,10347,Kapilvastu,Authorized Center,TECH012,4.7
SRV0206,EV0557,2023-02-04,Regular Service,27435,27614,Jumla,Authorized Center,TECH019,4.2
SRV0207,EV0583,2024-04-03,Software Update,25911,1456,Tulsipur,Authorized Center,TECH029,4.6
SRV0208,EV0139,2022-06-13,Battery Check,45683,27766,Itahari,Third Party,TECH014,3.7
SRV0209,EV0581,2024-01-22,Software Update,24853,16221,Jaleshwor,Third Party,TECH015,4.8
SRV0210,EV0463,2023-07-05,AC Service,22571,27934,Banepa,Third Party,TECH027,4.2
SRV0211,EV0224,2023-04-23,AC Service,41299,24759,Panauti,Authorized Center,TECH015,4.8
SRV0212,EV0031,2022-10-31,Brake Service,43877,15847,Birendranagar,Third Party,TECH021,4.0
SRV0213,EV0019,2024-04-01,Tire Replacement,30796,15607,Tansen,Third Party,TECH016,4.0
SRV0214,EV0434,2024-01-05,Regular Service,41497,15793,Birgunj,Third Party,TECH015,4.3
SRV0215,EV0304,2023-04-01,Body Repair,3424,28652,Dhangadhi,Authorized Center,TECH005,4.2
SRV0216,EV0514,2024-12-03,AC Service,10465,3432,Bharatpur,Third Party,TECH026,4.4
SRV0217,EV0104,2023-02-15,Battery Check,15135,12318,Lahan,Authorized Center,TECH014,4.6
SRV0218,EV0032,2022-10-15,Body Repair,4765,5772,Kirtipur,Third Party,TECH028,4.6
SRV0219,EV0492,2023-08-29,Regular Service,26221,5461,Birendranagar,Authorized Center,TECH016,4.4
SRV0220,EV0411,2022-02-03,Tire Replacement,35920,22477,Biratnagar,Third Party,TECH028,4.2
SRV0221,EV0121,2023-02-07,Tire Replacement,21330,6693,Hetauda,Third Party,TECH009,4.2
SRV0222,EV0478,2024-11-23,Regular Service,27591,10059,Nepalgunj,Authorized Center,TECH011,4.5
SRV0223,EV0070,2024-10-09,Tire Replacement,46160,4422,Mechinagar,Third Party,TECH029,4.2
SRV0224,EV0216,2022-06-06,Regular Service,47070,23034,Nepalgunj,Third Party,TECH027,4.4
SRV0225,EV0226,2024-04-06,Brake Service,37313,24596,Birendranagar,Third Party,TECH003,3.9
SRV0226,EV0200,2022-05-21,Software Update,42807,5683,Janakpur,Authorized Center,TECH008,3.9
SRV0227,EV0232,2022-12-14,AC Service,39830,27558,Lamjung,Third Party,TECH003,4.8
SRV0228,EV0390,2022-02-19,Tire Replacement,40755,2751,Baglung,Third Party,TECH009,4.3
SRV0229,EV0270,2022-06-08,AC Service,12756,25571,Jaleshwor,Third Party,TECH017,4.2
SRV0230,EV0372,2024-01-19,Battery Check,36364,25467,Rajbiraj,Authorized Center,TECH026,3.9
SRV0231,EV0460,2023-12-25,Body Repair,34324,9774,Birtamod,Third Party,TECH009,4.9
SRV0232,EV0234,2022-01-02,Tire Replacement,19506,13681,Dailekh,Authorized Center,TECH019,4.7
SRV0233,EV0090,2023-12-24,Battery Check,12110,2831,Janakpur,Third Party,TECH025,4.3
SRV0234,EV0022,2022-05-26,Regular Service,43168,22754,Kapilvastu,Third Party,TECH012,3.5
SRV0235,EV0282,2024-04-28,Body Repair,21512,11458,Baglung,Third Party,TECH030,3.7
SRV0236,EV0654,2024-06-10,Body Repair,47035,16212,Mahendranagar,Authorized Center,TECH012,4.5
SRV0237,EV0349,2023-12-03,Battery Check,36419,2877,Dhulikhel,Third Party,TECH009,4.0
SRV0238,EV0119,2024-04-17,Body Repair,10825,7670,Hetauda,Third Party,TECH007,3.8
SRV0239,EV0452,2024-06-20,Software Update,7860,1104,Biratnagar,Third Party,TECH017,4.6
SRV0240,EV0594,2022-04-30,AC Service,30328,22829,Bharatpur,Authorized Center,TECH011,4.9
SRV0241,EV0090,2023-04-09,AC Service,34608,16941,Janakpur,Authorized Center,TECH025,4.8
SRV0242,EV0018,2023-12-12,Tire Replacement,4647,21894,Tulsipur,Authorized Center,TECH013,4.9
SRV0243,EV0050,2023-02-21,Tire Replacement,16336,4236,Banepa,Third Party,TECH023,5.0
SRV0244,EV0023,2022-03-05,Battery Check,28900,29835,Mechinagar,Third Party,TECH009,4.3
SRV0245,EV0382,2022-04-20,Body Repair,41329,3869,Dharan,Authorized Center,TECH014,3.6
SRV0246,EV0504,2024-01-15,AC Service,30476,8673,Jaleshwor,Authorized Center,TECH003,3.7
SRV0247,EV0312,2023-03-10,Brake Service,33315,25825,Attariya,Authorized Center,TECH008,4.0
SRV0248,EV0069,2024-10-08,Tire Replacement,47482,11497,Attariya,Third Party,TECH013,4.8
SRV0249,EV0580,2024-02-06,AC Service,11912,18338,Kapilvastu,Third Party,TECH008,4.3
SRV0250,EV0399,2024-10-12,Body Repair,29037,7762,Mahendranagar,Third Party,TECH008,4.2
SRV0251,EV0557,2023-10-05,Tire Replacement,12263,23444,Jumla,Third Party,TECH003,4.1
SRV0252,EV0567,2022-12-12,Battery Check,16123,7248,Banepa,Third Party,TECH022,4.7
SRV0253,EV0215,2024-01-21,Tire Replacement,11309,14764,Tulsipur,Third Party,TECH022,3.8
SRV0254,EV0509,2022-08-14,Body Repair,30638,16993,Rajbiraj,Third Party,TECH016,3.9
SRV0255,EV0625,2022-05-21,AC Service,18324,23450,Bhaktapur,Third Party,TECH017,4.8
SRV0256,EV0585,2023-01-20,Tire Replacement,12943,26559,Birendranagar,Third Party,TECH005,5.0
SRV0257,EV0059,2024-03-28,Tire Replacement,18296,28358,Kapilvastu,Authorized Center,TECH028,3.8
SRV0258,EV0076,2022-12-27,Body Repair,41607,27874,Jaleshwor,Third Party,TECH015,4.6
SRV0259,EV0172,2023-09-30,AC Service,19247,6769,Rajbiraj,Third Party,TECH018,4.3
SRV0260,EV0477,2024-04-01,Body Repair,22160,24261,Gorkha,Authorized Center,TECH023,4.5
SRV0261,EV0262,2024-01-07,Brake Service,26554,28268,Birgunj,Third Party,TECH015,3.9
SRV0262,EV0565,2023-03-04,AC Service,3365,6964,Birtamod,Third Party,TECH016,4.3
SRV0263,EV0190,2022-10-14,Body Repair,39291,26211,Madhyapur Thimi,Third Party,TECH024,4.9
SRV0264,EV0319,2022-06-02,Brake Service,31153,26449,Banepa,Third Party,TECH006,4.0
SRV0265,EV0632,2023-07-09,Regular Service,21251,1382,Madhyapur Thimi,Third Party,TECH027,4.5
SRV0266,EV0178,2023-02-10,Software Update,41162,23492,Nepalgunj,Third Party,TECH013,4.6
SRV0267,EV0104,2023-07-23,Battery Check,32754,9210,Lahan,Authorized Center,TECH008,3.7
SRV0268,EV0634,2022-12-25,Regular Service,26005,16379,Tulsipur,Third Party,TECH010,4.2
SRV0269,EV0573,2022-12-03,Brake Service,42331,10450,Beni,Third Party,TECH008,4.6
SRV0270,EV0360,2023-09-23,Tire Replacement,46980,21732,Mahendranagar,Third Party,TECH006,4.2
SRV0271,EV0109,2023-10-21,Software Update,8344,2386,Kirtipur,Third Party,TECH002,4.5
SRV0272,EV0211,2024-12-03,Software Update,9895,26473,Birtamod,Third Party,TECH014,4.0
SRV0273,EV0558,2024-04-29,AC Service,16328,10585,Tulsipur,Authorized Center,TECH010,3.8
SRV0274,EV0484,2023-02-03,Software Update,41074,13191,Tansen,Third Party,TECH022,4.3
SRV0275,EV0205,2022-07-11,Battery Check,48885,28493,Kirtipur,Third Party,TECH027,4.9
SRV0276,EV0667,2022-11-13,Software Update,28216,17927,Bhaktapur,Third Party,TECH013,3.6
SRV0277,EV0616,2023-08-12,Tire Replacement,3590,11212,Lahan,Third Party,TECH025,4.3
SRV0278,EV0548,2024-12-30,Body Repair,32282,29089,Lalitpur,Third Party,TECH004,4.4
SRV0279,EV0245,2022-05-05,Software Update,43934,11440,Damak,Authorized Center,TECH020,3.8
SRV0280,EV0482,2022-04-26,Battery Check,39926,23486,Gaur,Authorized Center,TECH023,4.6
SRV0281,EV0219,2023-10-11,Software Update,38184,15179,Baglung,Third Party,TECH016,3.8
SRV0282,EV0339,2023-08-22,Brake Service,8044,28470,Butwal,Authorized Center,TECH019,4.4
SRV0283,EV0680,2023-05-16,Body Repair,11962,14736,Butwal,Third Party,TECH002,4.6
SRV0284,EV0017,2022-05-27,Battery Check,10322,6063,Birtamod,Authorized Center,TECH024,3.9
SRV0285,EV0517,2022-03-08,Tire Replacement,9781,12047,Gorkha,Third Party,TECH005,4.1
SRV0286,EV0340,2022-11-03,Software Update,36628,21405,Tulsipur,Third Party,TECH002,4.6
SRV0287,EV0238,2024-06-24,Brake Service,23942,28160,Biratnagar,Authorized Center,TECH023,4.0
SRV0288,EV0090,2023-08-13,Battery Check,11823,29220,Janakpur,Third Party,TECH023,4.8
SRV0289,EV0327,2022-12-07,Brake Service,10980,13132,Dhangadhi,Third Party,TECH026,4.0
SRV0290,EV0016,2022-06-06,Brake Service,41285,17632,Tikapur,Authorized Center,TECH008,4.3
SRV0291,EV0341,2022-07-02,AC Service,30452,2964,Baglung,Authorized Center,TECH025,3.8
SRV0292,EV0593,2022-11-29,Battery Check,5493,28237,Kirtipur,Third Party,TECH024,4.7
SRV0293,EV0340,2023-07-20,Software Update,39936,2403,Tulsipur,Third Party,TECH009,3.6
SRV0294,EV0466,2024-06-19,Tire Replacement,41654,4341,Butwal,Third Party,TECH018,4.4
SRV0295,EV0331,2024-07-18,Battery Check,39329,9994,Banepa,Authorized Center,TECH005,4.6
SRV0296,EV0234,2022-09-07,Software Update,14836,15611,Dailekh,Third Party,TECH030,4.6
SRV0297,EV0080,2023-02-02,Body Repair,24385,14737,Janakpur,Authorized Center,TECH017,4.6
SRV0298,EV0692,2024-04-06,Software Update,47132,27537,Jumla,Third Party,TECH030,4.6
SRV0299,EV0586,2024-01-05,AC Service,25326,22692,Mahendranagar,Third Party,TECH011,4.0
SRV0300,EV0494,2023-10-20,Tire Replacement,25237,6390,Birendranagar,Authorized Center,TECH002,4.2
SRV0301,EV0390,2024-03-12,Tire Replacement,34641,27465,Baglung,Third Party,TECH004,4.0
SRV0302,EV0417,2024-11-05,Software Update,27573,2337,Dharan,Third Party,TECH019,4.4
SRV0303,EV0310,2024-05-01,Software Update,14117,22106,Panauti,Authorized Center,TECH007,4.8
SRV0304,EV0375,2023-05-30,Brake Service,2476,29412,Waling,Third Party,TECH029,4.0
SRV0305,EV0291,2022-10-02,Brake Service,36372,5266,Tansen,Third Party,TECH006,3.8
SRV0306,EV0643,2022-02-10,Body Repair,31080,10158,Lamjung,Third Party,TECH012,3.9
SRV0307,EV0005,2023-02-02,Software Update,43418,9909,Damak,Third Party,TECH020,4.2
SRV0308,EV0249,2022-01-21,AC Service,36359,9398,Tikapur,Third Party,TECH018,4.5
SRV0309,EV0009,2023-04-24,Tire Replacement,43632,14607,Lahan,Authorized Center,TECH025,3.7
SRV0310,EV0086,2024-02-12,Brake Service,49514,16218,Itahari,Authorized Center,TECH024,4.4
SRV0311,EV0484,2024-03-29,Tire Replacement,44024,19851,Tansen,Third Party,TECH001,4.5
SRV0312,EV0222,2022-07-22,AC Service,40915,17641,Hetauda,Third Party,TECH005,3.7
SRV0313,EV0655,2024-02-23,Tire Replacement,28564,12533,Biratnagar,Authorized Center,TECH030,4.4
SRV0314,EV0199,2022-01-04,Brake Service,38494,12612,Gaur,Third Party,TECH008,3.7
SRV0315,EV0046,2024-03-11,Body Repair,28880,17913,Nepalgunj,Third Party,TECH027,4.3
SRV0316,EV0226,2022-07-17,Regular Service,10070,16395,Birendranagar,Third Party,TECH001,4.3
SRV0317,EV0690,2022-10-13,Software Update,25494,2708,Baglung,Third Party,TECH004,3.9
SRV0318,EV0477,2022-02-22,Tire Replacement,13093,19512,Gorkha,Third Party,TECH023,3.6
SRV0319,EV0514,2024-11-13,Software Update,6703,17546,Bharatpur,Third Party,TECH003,3.5
SRV0320,EV0133,2023-07-17,Software Update,4059,25965,Dhulikhel,Authorized Center,TECH001,4.9
SRV0321,EV0174,2022-05-25,Tire Replacement,9712,17176,Nepalgunj,Authorized Center,TECH024,5.0
SRV0322,EV0670,2024-08-08,AC Service,41577,22588,Attariya,Authorized Center,TECH028,3.5
SRV0323,EV0040,2024-07-04,Body Repair,24628,2545,Dhulikhel,Authorized Center,TECH022,3.8
SRV0324,EV0495,2023-05-13,AC Service,45797,25601,Biratnagar,Authorized Center,TECH023,5.0
SRV0325,EV0209,2022-03-28,AC Service,42834,12266,Damak,Authorized Center,TECH016,4.0
SRV0326,EV0028,2022-06-04,Software Update,21171,12422,Kapilvastu,Third Party,TECH015,4.8
SRV0327,EV0656,2024-05-10,Brake Service,5813,11513,Kapilvastu,Authorized Center,TECH027,4.9
SRV0328,EV0311,2024-06-30,Regular Service,10223,10040,Bharatpur,Third Party,TECH030,3.5
SRV0329,EV0340,2023-08-15,Battery Check,11962,2550,Tulsipur,Third Party,TECH025,5.0
SRV0330,EV0607,2022-05-19,Body Repair,24667,15712,Rajbiraj,Third Party,TECH030,3.6
SRV0331,EV0143,2023-11-12,Tire Replacement,36251,1628,Nepalgunj,Third Party,TECH006,4.0
SRV0332,EV0353,2022-10-09,Tire Replacement,34183,28334,Lahan,Authorized Center,TECH019,4.0
SRV0333,EV0140,2022-06-02,Battery Check,15104,26585,Gaur,Authorized Center,TECH021,4.8
SRV0334,EV0055,2024-07-14,Battery Check,49825,6836,Madhyapur Thimi,Third Party,TECH023,3.8
SRV0335,EV0512,2024-11-19,Battery Check,11543,20496,Bhaktapur,Third Party,TECH004,4.8
SRV0336,EV0699,2022-08-08,Battery Check,42491,6048,Birtamod,Authorized Center,TECH019,4.7
SRV0337,EV0497,2022-05-21,Software Update,27099,13643,Dhangadhi,Third Party,TECH023,4.7
SRV0338,EV0401,2023-04-30,Software Update,42492,22799,Mahendranagar,Authorized Center,TECH027,4.8
SRV0339,EV0044,2023-06-04,Regular Service,23143,24068,Mahendranagar,Third Party,TECH001,4.6
SRV0340,EV0519,2023-11-04,Brake Service,43541,5398,Pokhara,Authorized Center,TECH004,4.0
SRV0341,EV0044,2024-10-09,Tire Replacement,30345,8695,Mahendranagar,Authorized Center,TECH015,4.2
SRV0342,EV0502,2023-08-16,AC Service,21769,20951,Lalitpur,Third Party,TECH005,3.5
SRV0343,EV0295,2022-01-11,Software Update,8684,13080,Tulsipur,Authorized Center,TECH008,3.6
SRV0344,EV0416,2024-10-06,Software Update,33583,8543,Dharan,Authorized Center,TECH018,4.2
SRV0345,EV0116,2022-10-15,Battery Check,44027,21391,Lamjung,Authorized Center,TECH005,4.9
SRV0346,EV0423,2023-12-18,Tire Replacement,17362,20642,Attariya,Authorized Center,TECH005,4.0
SRV0347,EV0260,2022-10-08,Regular Service,34476,5512,Lalitpur,Authorized Center,TECH013,4.4
SRV0348,EV0056,2022-12-15,Tire Replacement,35546,13001,Madhyapur Thimi,Third Party,TECH003,3.7
SRV0349,EV0205,2023-09-09,Regular Service,44047,21696,Kirtipur,Authorized Center,TECH016,4.6
SRV0350,EV0353,2023-12-24,Tire Replacement,41865,21214,Lahan,Third Party,TECH027,4.4
SRV0351,EV0363,2023-08-05,Body Repair,40844,10460,Tansen,Third Party,TECH006,3.8
SRV0352,EV0371,2023-08-10,AC Service,9914,10300,Tulsipur,Third Party,TECH011,3.8
SRV0353,EV0115,2022-06-20,AC Service,25799,29844,Butwal,Authorized Center,TECH005,4.5
SRV0354,EV0292,2022-01-18,Software Update,9231,8110,Beni,Authorized Center,TECH026,3.5
SRV0355,EV0689,2022-12-10,Software Update,25610,21343,Janakpur,Authorized Center,TECH016,5.0
SRV0356,EV0394,2024-12-10,Software Update,23697,10631,Tulsipur,Third Party,TECH007,4.0
SRV0357,EV0414,2023-06-30,AC Service,9873,7985,Jumla,Authorized Center,TECH009,3.7
SRV0358,EV0364,2023-07-15,AC Service,31738,9528,Gaur,Authorized Center,TECH020,4.0
SRV0359,EV0281,2023-09-27,Software Update,33682,15789,Banepa,Authorized Center,TECH009,4.7
SRV0360,EV0491,2022-06-30,Body Repair,48790,20425,Kapilvastu,Third Party,TECH003,4.5
SRV0361,EV0256,2023-12-25,Brake Service,23048,7440,Jaleshwor,Third Party,TECH026,4.6
SRV0362,EV0122,2023-02-25,Software Update,42539,12680,Bhaktapur,Third Party,TECH018,4.9
SRV0363,EV0201,2024-03-23,AC Service,32215,14677,Birendranagar,Third Party,TECH006,4.8
SRV0364,EV0580,2022-08-20,Battery Check,41589,14266,Kapilvastu,Third Party,TECH003,3.8
SRV0365,EV0640,2023-07-23,Brake Service,29439,1167,Mahendranagar,Authorized Center,TECH018,4.2
SRV0366,EV0515,2023-05-05,Software Update,24774,11018,Nepalgunj,Authorized Center,TECH010,4.7
SRV0367,EV0204,2024-01-11,Brake Service,19522,15318,Gaur,Third Party,TECH016,4.6
SRV0368,EV0619,2023-12-30,Body Repair,17168,23093,Madhyapur Thimi,Authorized Center,TECH028,4.9
SRV0369,EV0226,2024-09-16,Software Update,43947,1364,Birendranagar,Authorized Center,TECH029,4.9
SRV0370,EV0502,2022-04-19,Regular Service,45117,2933,Lalitpur,Authorized Center,TECH021,4.5
SRV0371,EV0446,2023-12-27,Tire Replacement,34864,9461,Dhulikhel,Authorized Center,TECH018,4.7
SRV0372,EV0040,2022-11-14,Brake Service,47082,11506,Dhulikhel,Third Party,TECH030,4.2
SRV0373,EV0549,2022-09-22,Software Update,46220,20628,Birtamod,Third Party,TECH029,4.5
SRV0374,EV0517,2024-03-26,Battery Check,27561,9790,Gorkha,Authorized Center,TECH010,3.8
SRV0375,EV0249,2023-04-09,AC Service,44469,16498,Tikapur,Authorized Center,TECH008,4.1
SRV0376,EV0212,2023-08-29,Brake Service,14627,14997,Lalitpur,Authorized Center,TECH022,4.2
SRV0377,EV0516,2022-09-12,Software Update,12717,25315,Jaleshwor,Authorized Center,TECH023,4.8
SRV0378,EV0183,2022-02-11,AC Service,15914,9610,Lalitpur,Authorized Center,TECH014,3.5
SRV0379,EV0368,2022-10-07,AC Service,20123,7155,Kapilvastu,Third Party,TECH014,5.0
SRV0380,EV0695,2023-03-30,Battery Check,12140,21067,Mahendranagar,Authorized Center,TECH026,4.1
SRV0381,EV0516,2024-05-22,Tire Replacement,21855,5288,Jaleshwor,Authorized Center,TECH005,4.1
SRV0382,EV0452,2023-01-22,Tire Replacement,11094,1610,Biratnagar,Third Party,TECH023,4.4
SRV0383,EV0310,2024-05-15,Regular Service,3945,15852,Panauti,Third Party,TECH001,4.6
SRV0384,EV0288,2023-06-03,Brake Service,19827,4146,Damak,Authorized Center,TECH011,3.8
SRV0385,EV0647,2024-02-07,Regular Service,45858,11571,Nepalgunj,Authorized Center,TECH005,4.1
SRV0386,EV0480,2023-05-13,AC Service,19540,10060,Madhyapur Thimi,Third Party,TECH028,4.5
SRV0387,EV0188,2023-11-10,Regular Service,18569,20115,Pokhara,Third Party,TECH006,4.9
SRV0388,EV0060,2024-01-27,Regular Service,8363,6161,Hetauda,Authorized Center,TECH004,4.9
SRV0389,EV0170,2024-02-04,Body Repair,35824,10012,Attariya,Authorized Center,TECH030,4.0
SRV0390,EV0414,2024-08-08,Body Repair,18373,20045,Jumla,Authorized Center,TECH029,3.8
SRV0391,EV0099,2022-08-29,Brake Service,33400,8411,Waling,Authorized Center,TECH015,3.8
SRV0392,EV0299,2024-10-10,Regular Service,6840,18886,Jaleshwor,Authorized Center,TECH013,3.7
SRV0393,EV0646,2023-08-27,Brake Service,14014,14922,Dailekh,Authorized Center,TECH001,3.9
SRV0394,EV0328,2024-05-09,AC Service,4155,27402,Tulsipur,Third Party,TECH029,3.7
SRV0395,EV0215,2023-02-11,Tire Replacement,32414,21677,Tulsipur,Authorized Center,TECH005,4.3
SRV0396,EV0201,2022-03-21,Brake Service,43879,1564,Birendranagar,Authorized Center,TECH011,4.6
SRV0397,EV0343,2022-04-19,Brake Service,26638,19950,Gorkha,Authorized Center,TECH018,4.1
SRV0398,EV0423,2024-09-13,Body Repair,42029,25774,Attariya,Authorized Center,TECH002,4.8
SRV0399,EV0427,2024-06-22,Battery Check,19093,5238,Pokhara,Authorized Center,TECH026,4.4
SRV0400,EV0363,2023-01-27,Body Repair,6261,4674,Tansen,Third Party,TECH028,3.6
SRV0401,EV0336,2024-12-20,Battery Check,30471,15685,Dailekh,Authorized Center,TECH015,3.8
SRV0402,EV0455,2023-10-29,Body Repair,21121,28176,Banepa,Authorized Center,TECH015,3.8
SRV0403,EV0353,2022-03-12,Brake Service,41258,2154,Lahan,Third Party,TECH019,4.6
SRV0404,EV0529,2023-05-10,Body Repair,12939,9218,Tulsipur,Third Party,TECH027,4.5
SRV0405,EV0033,2023-09-29,Body Repair,31930,7640,Dailekh,Authorized Center,TECH020,4.7
SRV0406,EV0421,2024-03-16,Brake Service,49333,7198,Mahendranagar,Third Party,TECH005,4.1
SRV0407,EV0490,2022-10-23,Regular Service,13207,4006,Beni,Third Party,TECH019,4.7
SRV0408,EV0158,2022-01-09,Tire Replacement,21624,7121,Gaur,Third Party,TECH017,4.0
SRV0409,EV0521,2024-02-19,Tire Replacement,25916,21746,Beni,Authorized Center,TECH002,3.6
SRV0410,EV0599,2023-12-27,AC Service,41884,5282,Mahendranagar,Third Party,TECH016,4.7
SRV0411,EV0579,2024-10-26,Software Update,6529,14107,Panauti,Third Party,TECH024,4.9
SRV0412,EV0312,2023-12-08,Brake Service,6773,8958,Attariya,Third Party,TECH028,4.3
SRV0413,EV0286,2022-07-16,Battery Check,35943,9513,Jaleshwor,Third Party,TECH019,3.8
SRV0414,EV0105,2023-06-20,Software Update,18893,15221,Tulsipur,Authorized Center,TECH007,4.1
SRV0415,EV0307,2024-11-30,Brake Service,40612,10824,Dailekh,Third Party,TECH020,3.9
SRV0416,EV0479,2023-04-29,Tire Replacement,13074,18491,Baglung,Authorized Center,TECH001,4.6
SRV0417,EV0395,2024-06-02,Software Update,19346,28373,Birendranagar,Authorized Center,TECH028,3.5
SRV0418,EV0295,2024-02-09,AC Service,41252,23852,Tulsipur,Third Party,TECH011,4.8
SRV0419,EV0150,2023-04-02,AC Service,37764,20901,Tulsipur,Third Party,TECH016,4.4
SRV0420,EV0265,2024-06-22,AC Service,21436,27235,Lalitpur,Authorized Center,TECH022,4.0
SRV0421,EV0098,2022-02-16,Software Update,39582,10739,Gaur,Third Party,TECH011,4.1
SRV0422,EV0172,2022-06-11,Software Update,34856,2302,Rajbiraj,Third Party,TECH013,3.7
SRV0423,EV0030,2022-01-20,Regular Service,26602,24511,Gorkha,Third Party,TECH030,4.1
SRV0424,EV0309,2023-04-04,Tire Replacement,31268,3394,Madhyapur Thimi,Authorized Center,TECH006,4.8
SRV0425,EV0176,2023-11-04,Brake Service,36223,5955,Rajbiraj,Authorized Center,TECH013,4.6
SRV0426,EV0067,2024-04-08,Battery Check,37201,19791,Dharan,Third Party,TECH022,4.6
SRV0427,EV0390,2023-08-14,Body Repair,35240,4306,Baglung,Third Party,TECH029,3.7
SRV0428,EV0637,2023-09-03,Battery Check,45869,4993,Biratnagar,Third Party,TECH007,4.8
SRV0429,EV0660,2023-11-17,Regular Service,22550,13189,Nepalgunj,Authorized Center,TECH029,4.9
SRV0430,EV0205,2023-04-12,Tire Replacement,28001,23213,Kirtipur,Third Party,TECH028,4.1
SRV0431,EV0579,2024-06-01,Regular Service,12192,19180,Panauti,Third Party,TECH020,4.9
SRV0432,EV0242,2023-12-20,Brake Service,33005,25663,Birtamod,Authorized Center,TECH009,4.4
SRV0433,EV0566,2023-06-01,Software Update,25793,15155,Pokhara,Authorized Center,TECH022,4.9
SRV0434,EV0663,2023-05-10,Body Repair,19150,2129,Dhangadhi,Third Party,TECH013,3.5
SRV0435,EV0171,2023-05-21,Tire Replacement,10374,22878,Bhairahawa,Authorized Center,TECH020,3.7
SRV0436,EV0132,2023-06-09,Regular Service,23381,1089,Dharan,Authorized Center,TECH001,3.6
SRV0437,EV0513,2024-08-18,Brake Service,36715,28026,Gaur,Third Party,TECH021,3.5
SRV0438,EV0267,2022-08-16,Brake Service,39773,9692,Gaur,Authorized Center,TECH027,4.5
SRV0439,EV0182,2024-10-15,Battery Check,49452,18921,Panauti,Third Party,TECH013,4.4
SRV0440,EV0620,2024-06-17,Software Update,22904,11764,Bharatpur,Third Party,TECH009,4.6
SRV0441,EV0078,2024-07-27,AC Service,29449,28725,Pokhara,Third Party,TECH023,3.6
SRV0442,EV0378,2024-08-02,Battery Check,40890,16963,Dhangadhi,Authorized Center,TECH030,3.7
SRV0443,EV0380,2024-03-14,Brake Service,8631,19252,Jumla,Authorized Center,TECH014,3.8
SRV0444,EV0500,2024-01-06,Battery Check,49444,22843,Nepalgunj,Third Party,TECH014,3.7
SRV0445,EV0417,2022-07-20,Tire Replacement,8503,8974,Dharan,Authorized Center,TECH025,3.8
SRV0446,EV0004,2024-06-08,Tire Replacement,48433,9021,Mechinagar,Authorized Center,TECH029,4.6
SRV0447,EV0055,2022-05-10,Brake Service,11889,15669,Madhyapur Thimi,Authorized Center,TECH015,3.5
SRV0448,EV0344,2022-08-30,AC Service,21557,22766,Tikapur,Third Party,TECH010,4.4
SRV0449,EV0390,2023-07-15,Body Repair,8144,16014,Baglung,Authorized Center,TECH007,4.1
SRV0450,EV0046,2024-07-16,Body Repair,17391,3546,Nepalgunj,Authorized Center,TECH028,4.1
SRV0451,EV0462,2022-03-27,Body Repair,3518,23995,Itahari,Authorized Center,TECH020,4.8
SRV0452,EV0077,2024-03-09,Software Update,26696,15141,Birtamod,Authorized Center,TECH001,4.1
SRV0453,EV0333,2022-07-06,Regular Service,8296,4211,Gorkha,Third Party,TECH018,4.0
SRV0454,EV0553,2023-06-07,AC Service,27913,12159,Beni,Authorized Center,TECH030,4.5
SRV0455,EV0214,2023-06-15,Battery Check,20243,11805,Hetauda,Third Party,TECH011,4.7
SRV0456,EV0191,2022-07-02,Tire Replacement,32604,5898,Dharan,Authorized Center,TECH007,3.7
SRV0457,EV0081,2023-08-12,Tire Replacement,41686,27329,Gorkha,Third Party,TECH003,4.6
SRV0458,EV0537,2023-03-03,AC Service,41813,1501,Lalitpur,Third Party,TECH022,4.5
SRV0459,EV0654,2024-12-05,Regular Service,42371,11407,Mahendranagar,Authorized Center,TECH024,4.7
SRV0460,EV0508,2024-05-24,Tire Replacement,5974,22414,Lahan,Third Party,TECH008,3.7
SRV0461,EV0178,2024-08-30,Regular Service,40741,2641,Nepalgunj,Authorized Center,TECH013,4.8
SRV0462,EV0358,2023-05-18,Tire Replacement,9647,8725,Gorkha,Third Party,TECH007,4.2
SRV0463,EV0264,2024-07-27,Tire Replacement,4738,5053,Butwal,Third Party,TECH030,3.7
SRV0464,EV0431,2022-12-14,Tire Replacement,11265,8062,Attariya,Authorized Center,TECH025,3.6
SRV0465,EV0075,2023-11-26,Software Update,31012,8669,Birendranagar,Third Party,TECH007,4.3
SRV0466,EV0677,2023-07-13,Body Repair,39796,10202,Janakpur,Authorized Center,TECH025,5.0
SRV0467,EV0167,2023-03-29,Tire Replacement,32077,10222,Pokhara,Third Party,TECH014,4.3
SRV0468,EV0300,2023-07-24,Software Update,32722,17400,Itahari,Third Party,TECH020,4.0
SRV0469,EV0684,2024-06-30,Regular Service,6662,19936,Birgunj,Authorized Center,TECH017,3.6
SRV0470,EV0479,2022-10-03,Software Update,30258,11417,Baglung,Third Party,TECH009,4.3
SRV0471,EV0311,2022-08-25,Body Repair,47846,20018,Bharatpur,Authorized Center,TECH004,4.2
SRV0472,EV0698,2022-05-01,Software Update,38220,12530,Mahendranagar,Third Party,TECH012,4.5
SRV0473,EV0575,2023-02-03,Software Update,18017,19078,Panauti,Third Party,TECH023,4.3
SRV0474,EV0506,2024-11-01,Tire Replacement,9117,5876,Hetauda,Third Party,TECH017,4.9
SRV0475,EV0035,2024-11-10,Brake Service,26916,23901,Panauti,Third Party,TECH025,4.3
SRV0476,EV0677,2022-04-03,Brake Service,7242,15800,Janakpur,Third Party,TECH018,4.5
SRV0477,EV0213,2023-09-30,Body Repair,44299,15181,Jumla,Third Party,TECH008,4.4
SRV0478,EV0227,2024-09-14,Software Update,33679,6290,Kathmandu,Third Party,TECH028,4.1
SRV0479,EV0381,2023-03-22,Software Update,44006,2385,Tikapur,Authorized Center,TECH002,3.9
SRV0480,EV0562,2024-02-24,Body Repair,49402,14041,Butwal,Authorized Center,TECH022,4.7
SRV0481,EV0560,2023-03-26,Tire Replacement,21069,7621,Biratnagar,Authorized Center,TECH004,4.5
SRV0482,EV0370,2024-02-23,Tire Replacement,43182,27231,Baglung,Third Party,TECH010,4.9
SRV0483,EV0106,2023-06-03,Brake Service,25269,6164,Bhaktapur,Third Party,TECH008,4.2
SRV0484,EV0131,2022-12-19,Regular Service,48698,23112,Dharan,Authorized Center,TECH025,4.5
SRV0485,EV0362,2024-08-30,Brake Service,17814,5416,Madhyapur Thimi,Authorized Center,TECH029,4.9
SRV0486,EV0442,2023-02-12,Software Update,24126,5449,Damak,Third Party,TECH019,4.8
SRV0487,EV0543,2023-01-06,Brake Service,5504,2878,Gorkha,Authorized Center,TECH007,4.9
SRV0488,EV0301,2022-11-27,Body Repair,23208,3995,Birtamod,Authorized Center,TECH008,3.9
SRV0489,EV0108,2024-02-27,AC Service,5000,3157,Jumla,Authorized Center,TECH002,3.7
SRV0490,EV0679,2024-12-08,Body Repair,12289,22332,Tulsipur,Third Party,TECH024,4.3
SRV0491,EV0323,2022-04-13,AC Service,18888,11157,Madhyapur Thimi,Third Party,TECH002,4.6
SRV0492,EV0024,2023-03-16,AC Service,38674,9796,Kathmandu,Third Party,TECH028,4.6
SRV0493,EV0226,2022-02-12,Battery Check,35116,8002,Birendranagar,Third Party,TECH007,4.2
SRV0494,EV0395,2024-02-06,Tire Replacement,7209,9822,Birendranagar,Third Party,TECH014,4.1
SRV0495,EV0299,2023-04-09,Software Update,10161,12165,Jaleshwor,Authorized Center,TECH017,4.6
SRV0496,EV0444,2023-04-20,Brake Service,35333,22950,Dhangadhi,Third Party,TECH008,3.6
SRV0497,EV0687,2024-08-03,Tire Replacement,2355,19476,Hetauda,Third Party,TECH029,4.4
SRV0498,EV0098,2023-06-08,Brake Service,13069,2806,Gaur,Authorized Center,TECH009,4.4
SRV0499,EV0022,2022-07-27,Tire Replacement,39464,18638,Kapilvastu,Authorized Center,TECH023,4.6
SRV0500,EV0543,2024-05-18,Regular Service,49350,19900,Gorkha,Third Party,TECH012,4.3
SRV0501,EV0138,2022-08-12,Regular Service,30906,7599,Attariya,Authorized Center,TECH006,3.9
SRV0502,EV0177,2023-11-11,Battery Check,9119,23210,Lalitpur,Third Party,TECH030,4.4
SRV0503,EV0167,2022-06-05,Brake Service,11058,25133,Pokhara,Third Party,TECH010,4.5
SRV0504,EV0464,2024-04-02,Software Update,45865,13658,Kapilvastu,Authorized Center,TECH019,3.6
SRV0505,EV0432,2023-04-18,Battery Check,35765,5881,Attariya,Authorized Center,TECH002,4.2
SRV0506,EV0690,2022-03-15,Brake Service,48908,18715,Baglung,Authorized Center,TECH012,4.2
SRV0507,EV0229,2024-12-27,Software Update,17044,20699,Dhulikhel,Authorized Center,TECH005,3.8
SRV0508,EV0117,2024-07-02,AC Service,38480,6414,Birendranagar,Authorized Center,TECH028,3.9
SRV0509,EV0547,2024-06-04,Software Update,18910,23323,Rajbiraj,Authorized Center,TECH021,4.7
SRV0510,EV0516,2023-11-25,Body Repair,45152,18464,Jaleshwor,Third Party,TECH018,5.0
SRV0511,EV0148,2023-08-21,Body Repair,19596,24645,Damak,Third Party,TECH007,4.6
SRV0512,EV0163,2024-01-26,Brake Service,41324,26582,Lahan,Authorized Center,TECH018,4.4
SRV0513,EV0234,2022-10-22,Battery Check,36767,4672,Dailekh,Third Party,TECH022,4.3
SRV0514,EV0585,2024-04-22,Body Repair,26024,2880,Birendranagar,Authorized Center,TECH023,4.2
SRV0515,EV0512,2022-05-17,Body Repair,7518,5189,Bhaktapur,Third Party,TECH022,4.6
SRV0516,EV0313,2022-04-15,Software Update,44551,16501,Kapilvastu,Authorized Center,TECH011,3.9
SRV0517,EV0409,2023-10-15,Body Repair,38682,21150,Waling,Authorized Center,TECH014,4.6
SRV0518,EV0057,2023-05-18,Software Update,4215,7128,Tansen,Authorized Center,TECH012,4.2
SRV0519,EV0251,2022-02-20,Tire Replacement,10554,9666,Banepa,Third Party,TECH021,4.5
SRV0520,EV0389,2022-05-19,Software Update,28704,27127,Kirtipur,Authorized Center,TECH018,4.9
SRV0521,EV0513,2024-11-13,Tire Replacement,3740,15241,Gaur,Authorized Center,TECH011,5.0
SRV0522,EV0255,2022-01-03,Tire Replacement,28936,6990,Bharatpur,Authorized Center,TECH003,4.5
SRV0523,EV0093,2023-04-12,Body Repair,40908,11238,Bharatpur,Authorized Center,TECH010,4.4
SRV0524,EV0353,2024-10-05,Battery Check,2204,26702,Lahan,Authorized Center,TECH026,4.7
SRV0525,EV0055,2024-05-04,Brake Service,31054,21056,Madhyapur Thimi,Third Party,TECH010,5.0
SRV0526,EV0634,2023-04-14,Battery Check,20834,24917,Tulsipur,Third Party,TECH019,3.5
SRV0527,EV0481,2022-07-17,Body Repair,36172,4169,Kapilvastu,Third Party,TECH016,3.9
SRV0528,EV0421,2022-07-02,Battery Check,32734,18627,Mahendranagar,Authorized Center,TECH003,3.8
SRV0529,EV0080,2022-05-16,Regular Service,43904,4855,Janakpur,Authorized Center,TECH014,4.8
SRV0530,EV0243,2023-12-18,Regular Service,43227,28421,Lahan,Third Party,TECH003,4.3
SRV0531,EV0118,2022-06-06,AC Service,16718,21556,Tansen,Authorized Center,TECH004,4.7
SRV0532,EV0208,2022-07-29,AC Service,14315,20061,Dharan,Authorized Center,TECH021,3.9
SRV0533,EV0328,2022-05-13,Battery Check,26040,8023,Tulsipur,Authorized Center,TECH012,3.6
SRV0534,EV0459,2022-02-27,AC Service,7231,24209,Dhulikhel,Authorized Center,TECH008,3.9
SRV0535,EV0579,2023-11-26,Body Repair,20178,7715,Panauti,Authorized Center,TECH001,4.5
SRV0536,EV0455,2022-11-24,Battery Check,3635,12581,Banepa,Authorized Center,TECH015,4.1
SRV0537,EV0140,2023-02-12,Regular Service,4189,25989,Gaur,Authorized Center,TECH026,4.5
SRV0538,EV0279,2023-10-09,Body Repair,33018,17364,Kathmandu,Third Party,TECH011,4.8
SRV0539,EV0593,2023-12-30,Tire Replacement,43106,24003,Kirtipur,Third Party,TECH011,3.6
SRV0540,EV0615,2022-11-13,Regular Service,43383,12044,Tikapur,Authorized Center,TECH030,4.0
SRV0541,EV0185,2024-06-13,Brake Service,19692,1896,Panauti,Third Party,TECH002,3.7
SRV0542,EV0244,2022-03-09,Body Repair,49067,15682,Lalitpur,Third Party,TECH004,4.8
SRV0543,EV0243,2024-08-16,Body Repair,9330,6407,Lahan,Authorized Center,TECH007,4.5
SRV0544,EV0653,2023-10-04,Body Repair,25421,1417,Rajbiraj,Third Party,TECH015,4.4
SRV0545,EV0540,2024-09-27,Battery Check,32202,2578,Rajbiraj,Third Party,TECH015,4.0
SRV0546,EV0171,2024-07-01,Brake Service,44039,27999,Bhairahawa,Third Party,TECH015,4.7
SRV0547,EV0181,2023-09-24,AC Service,12978,22257,Birgunj,Third Party,TECH004,3.8
SRV0548,EV0029,2024-10-04,Body Repair,7928,22309,Pokhara,Third Party,TECH001,3.9
SRV0549,EV0269,2022-01-10,Brake Service,11073,3119,Gorkha,Third Party,TECH001,4.7
SRV0550,EV0455,2023-04-10,Software Update,21621,27870,Banepa,Authorized Center,TECH026,4.4
SRV0551,EV0001,2022-03-01,AC Service,12406,22056,Lalitpur,Third Party,TECH024,3.7
SRV0552,EV0258,2022-08-01,Tire Replacement,34959,3727,Tansen,Third Party,TECH013,4.0
SRV0553,EV0223,2023-01-19,Software Update,14168,28071,Rajbiraj,Authorized Center,TECH027,4.5
SRV0554,EV0621,2024-07-18,Software Update,23481,5709,Mahendranagar,Third Party,TECH019,4.1
SRV0555,EV0271,2023-05-20,Battery Check,35920,3699,Lalitpur,Third Party,TECH005,5.0
SRV0556,EV0677,2023-08-07,Tire Replacement,33989,4110,Janakpur,Authorized Center,TECH007,3.8
SRV0557,EV0029,2024-01-30,Tire Replacement,47746,1065,Pokhara,Authorized Center,TECH026,4.0
SRV0558,EV0491,2023-09-07,Tire Replacement,14789,6452,Kapilvastu,Authorized Center,TECH024,4.9
SRV0559,EV0613,2022-06-06,Brake Service,5185,28619,Janakpur,Third Party,TECH017,4.7
SRV0560,EV0148,2024-09-08,Software Update,30354,22377,Damak,Authorized Center,TECH029,4.4
SRV0561,EV0058,2022-06-06,Body Repair,8454,25856,Jumla,Authorized Center,TECH024,3.8
SRV0562,EV0038,2022-06-11,Body Repair,39987,27034,Dhangadhi,Third Party,TECH015,3.5
SRV0563,EV0687,2023-12-03,AC Service,26401,24550,Hetauda,Third Party,TECH028,3.5
SRV0564,EV0499,2023-12-10,Battery Check,20854,23349,Pokhara,Authorized Center,TECH002,3.9
SRV0565,EV0598,2022-10-21,AC Service,30328,2197,Attariya,Third Party,TECH026,4.8
SRV0566,EV0259,2022-04-22,Brake Service,12866,19127,Kapilvastu,Authorized Center,TECH003,4.3
SRV0567,EV0208,2022-09-15,AC Service,38751,9403,Dharan,Third Party,TECH029,3.8
SRV0568,EV0158,2022-06-04,Tire Replacement,25693,17575,Gaur,Third Party,TECH029,4.4
SRV0569,EV0297,2024-04-27,AC Service,9945,10692,Birgunj,Third Party,TECH029,5.0
SRV0570,EV0582,2024-05-28,Software Update,19954,11092,Dailekh,Authorized Center,TECH005,4.0
SRV0571,EV0655,2024-04-03,AC Service,40512,17697,Biratnagar,Authorized Center,TECH019,4.5
SRV0572,EV0649,2023-02-11,AC Service,47312,17030,Attariya,Third Party,TECH021,4.3
SRV0573,EV0470,2022-08-22,Brake Service,41393,18300,Itahari,Third Party,TECH017,4.5
SRV0574,EV0573,2023-01-28,Brake Service,11123,25097,Beni,Authorized Center,TECH008,3.8
SRV0575,EV0612,2022-02-05,Tire Replacement,44682,10852,Nepalgunj,Third Party,TECH011,4.6
SRV0576,EV0683,2023-02-14,Body Repair,46832,26829,Rajbiraj,Authorized Center,TECH014,4.1
SRV0577,EV0105,2024-04-29,Body Repair,11273,6447,Tulsipur,Third Party,TECH015,4.1
SRV0578,EV0356,2024-06-06,Software Update,30111,3447,Dharan,Authorized Center,TECH025,4.4
SRV0579,EV0169,2024-12-01,Regular Service,48804,2646,Lalitpur,Third Party,TECH015,3.7
SRV0580,EV0307,2022-11-14,Brake Service,6644,10925,Dailekh,Authorized Center,TECH022,4.8
SRV0581,EV0183,2024-03-30,Regular Service,31866,18422,Lalitpur,Third Party,TECH024,4.1
SRV0582,EV0461,2024-12-20,Brake Service,4119,16185,Baglung,Third Party,TECH013,3.9
SRV0583,EV0597,2024-05-20,Body Repair,5830,5403,Gorkha,Third Party,TECH016,4.2
SRV0584,EV0162,2023-09-15,Body Repair,9672,6747,Rajbiraj,Third Party,TECH027,3.8
SRV0585,EV0239,2023-02-13,Brake Service,38181,14444,Beni,Authorized Center,TECH025,4.5
SRV0586,EV0080,2023-12-22,Body Repair,9095,15461,Janakpur,Authorized Center,TECH019,3.8
SRV0587,EV0138,2022-06-26,Battery Check,45407,19290,Attariya,Authorized Center,TECH004,4.7
SRV0588,EV0110,2024-06-18,AC Service,30939,12070,Dhangadhi,Authorized Center,TECH002,4.5
SRV0589,EV0570,2023-11-04,Battery Check,47504,9793,Jumla,Third Party,TECH014,3.5
SRV0590,EV0489,2024-06-18,Regular Service,11608,14789,Jumla,Third Party,TECH008,4.2
SRV0591,EV0212,2022-05-02,AC Service,27087,26516,Lalitpur,Authorized Center,TECH028,4.5
SRV0592,EV0376,2023-03-11,Battery Check,20811,2731,Lahan,Third Party,TECH017,4.3
SRV0593,EV0437,2022-09-14,Body Repair,11903,28303,Tulsipur,Authorized Center,TECH004,3.9
SRV0594,EV0076,2024-03-17,Software Update,35945,9631,Jaleshwor,Authorized Center,TECH028,4.7
SRV0595,EV0127,2022-04-01,AC Service,29789,14068,Jaleshwor,Authorized Center,TECH026,4.7
SRV0596,EV0594,2022-05-29,Battery Check,40026,10481,Bharatpur,Third Party,TECH023,3.5
SRV0597,EV0583,2024-08-26,Tire Replacement,16788,20940,Tulsipur,Third Party,TECH006,3.7
SRV0598,EV0076,2023-01-27,Software Update,37255,16782,Jaleshwor,Third Party,TECH013,3.8
SRV0599,EV0202,2023-12-10,Battery Check,4853,9748,Banepa,Third Party,TECH004,4.3
SRV0600,EV0614,2023-08-18,Battery Check,16144,13611,Biratnagar,Authorized Center,TECH027,4.0
SRV0601,EV0316,2023-09-17,AC Service,5692,19151,Gorkha,Third Party,TECH011,3.7
SRV0602,EV0398,2022-04-30,AC Service,24557,23992,Dailekh,Authorized Center,TECH023,3.9
SRV0603,EV0454,2023-03-19,Software Update,4513,1487,Pokhara,Third Party,TECH029,4.7
SRV0604,EV0291,2024-01-19,Battery Check,8577,18890,Tansen,Authorized Center,TECH007,3.6
SRV0605,EV0443,2023-02-22,Tire Replacement,4362,14954,Dharan,Third Party,TECH009,5.0
SRV0606,EV0481,2022-09-12,Body Repair,21247,2718,Kapilvastu,Authorized Center,TECH008,3.6
SRV0607,EV0589,2024-09-22,Battery Check,5224,21949,Tulsipur,Authorized Center,TECH003,3.5
SRV0608,EV0062,2023-01-05,Software Update,12723,14078,Butwal,Third Party,TECH007,3.9
SRV0609,EV0036,2022-10-26,Software Update,31811,27545,Birgunj,Third Party,TECH010,3.9
SRV0610,EV0066,2023-05-24,Body Repair,20136,1989,Tikapur,Authorized Center,TECH023,4.9
SRV0611,EV0204,2023-08-01,Battery Check,35483,12226,Gaur,Third Party,TECH023,3.8
SRV0612,EV0137,2022-03-29,Body Repair,15848,3027,Bhaktapur,Authorized Center,TECH024,4.5
SRV0613,EV0567,2023-07-22,AC Service,27382,23471,Banepa,Authorized Center,TECH009,3.9
SRV0614,EV0487,2023-04-29,AC Service,8331,6665,Mechinagar,Third Party,TECH003,4.3
SRV0615,EV0223,2024-06-27,Regular Service,26247,22631,Rajbiraj,Third Party,TECH003,4.6
SRV0616,EV0355,2023-10-31,Regular Service,38587,3196,Jumla,Authorized Center,TECH025,3.6
SRV0617,EV0429,2023-05-22,Battery Check,20107,12388,Jaleshwor,Third Party,TECH014,4.2
SRV0618,EV0642,2024-05-30,Tire Replacement,20697,12590,Waling,Authorized Center,TECH030,4.5
SRV0619,EV0548,2022-11-30,Brake Service,34749,7740,Lalitpur,Authorized Center,TECH021,4.1
SRV0620,EV0043,2022-07-16,Regular Service,5346,18936,Gaur,Authorized Center,TECH018,3.8
SRV0621,EV0070,2024-03-12,Regular Service,24455,28375,Mechinagar,Third Party,TECH012,4.4
SRV0622,EV0426,2023-04-15,Brake Service,2499,10947,Pokhara,Authorized Center,TECH015,3.7
SRV0623,EV0196,2024-06-03,Brake Service,5835,26041,Bhaktapur,Authorized Center,TECH003,4.4
SRV0624,EV0407,2022-09-13,Battery Check,6124,1187,Beni,Authorized Center,TECH021,3.6
SRV0625,EV0469,2022-05-07,Brake Service,34531,25970,Dhulikhel,Authorized Center,TECH028,4.2
SRV0626,EV0504,2024-01-12,Software Update,38058,1313,Jaleshwor,Third Party,TECH028,4.5
SRV0627,EV0142,2024-10-23,Software Update,34065,20302,Kirtipur,Third Party,TECH010,4.4
SRV0628,EV0306,2022-01-17,Body Repair,44522,5784,Mechinagar,Third Party,TECH025,4.0
SRV0629,EV0651,2024-12-10,Body Repair,9241,29641,Banepa,Third Party,TECH012,4.8
SRV0630,EV0304,2023-06-13,AC Service,44599,25593,Dhangadhi,Authorized Center,TECH003,5.0
SRV0631,EV0346,2023-09-15,Regular Service,14328,9241,Bhaktapur,Authorized Center,TECH018,3.5
SRV0632,EV0474,2022-01-04,AC Service,40501,18459,Janakpur,Authorized Center,TECH013,4.5
SRV0633,EV0157,2023-01-04,Tire Replacement,49336,25351,Gaur,Authorized Center,TECH010,4.5
SRV0634,EV0009,2024-05-21,AC Service,4033,27328,Lahan,Third Party,TECH008,4.4
SRV0635,EV0399,2024-02-29,Brake Service,39602,14069,Mahendranagar,Third Party,TECH020,4.6
SRV0636,EV0211,2022-02-07,Software Update,44565,8272,Birtamod,Third Party,TECH026,3.9
SRV0637,EV0005,2022-07-25,Battery Check,2713,18293,Damak,Third Party,TECH006,3.5
SRV0638,EV0036,2023-12-03,Battery Check,2911,7661,Birgunj,Third Party,TECH017,3.5
SRV0639,EV0022,2024-05-07,Body Repair,24373,14923,Kapilvastu,Authorized Center,TECH030,4.3
SRV0640,EV0551,2022-09-25,Body Repair,48938,23486,Lamjung,Third Party,TECH002,3.9
SRV0641,EV0619,2024-01-31,AC Service,44455,6332,Madhyapur Thimi,Third Party,TECH001,4.4
SRV0642,EV0269,2023-10-10,Tire Replacement,36107,10252,Gorkha,Third Party,TECH011,4.9
SRV0643,EV0326,2022-10-02,Software Update,44558,18536,Bharatpur,Third Party,TECH011,3.8
SRV0644,EV0010,2024-10-24,Battery Check,6201,17008,Nepalgunj,Authorized Center,TECH028,4.6
SRV0645,EV0432,2022-08-02,Tire Replacement,10399,1954,Attariya,Third Party,TECH021,3.9
SRV0646,EV0009,2024-09-03,Software Update,44512,4913,Lahan,Third Party,TECH012,3.7
SRV0647,EV0597,2023-09-16,AC Service,45273,10941,Gorkha,Third Party,TECH012,4.0
SRV0648,EV0262,2024-09-17,Regular Service,38470,28157,Birgunj,Authorized Center,TECH019,3.7
SRV0649,EV0162,2022-09-29,Battery Check,12956,28094,Rajbiraj,Authorized Center,TECH029,5.0
SRV0650,EV0099,2023-10-25,AC Service,9798,29194,Waling,Third Party,TECH012,4.5
SRV0651,EV0458,2024-04-20,Brake Service,4659,13170,Bhairahawa,Authorized Center,TECH016,4.8
SRV0652,EV0373,2024-10-03,AC Service,28388,2914,Butwal,Authorized Center,TECH005,3.7
SRV0653,EV0394,2023-03-16,Battery Check,38209,23681,Tulsipur,Third Party,TECH009,3.5
SRV0654,EV0670,2023-12-27,Software Update,35845,17806,Attariya,Authorized Center,TECH006,4.3
SRV0655,EV0685,2023-08-06,Body Repair,14694,20121,Madhyapur Thimi,Third Party,TECH004,3.8
SRV0656,EV0436,2023-10-18,Software Update,3370,7824,Madhyapur Thimi,Third Party,TECH003,3.6
SRV0657,EV0459,2022-08-23,Tire Replacement,22353,21995,Dhulikhel,Third Party,TECH005,4.3
SRV0658,EV0254,2022-02-03,Body Repair,45662,19627,Attariya,Third Party,TECH003,4.0
SRV0659,EV0215,2023-08-02,Regular Service,8954,20937,Tulsipur,Third Party,TECH012,4.0
SRV0660,EV0005,2024-09-08,Software Update,23551,5800,Damak,Authorized Center,TECH016,4.6
SRV0661,EV0623,2022-11-09,Brake Service,2433,29593,Dhulikhel,Authorized Center,TECH006,4.6
SRV0662,EV0456,2023-03-12,Regular Service,8049,21231,Tansen,Authorized Center,TECH013,4.3
SRV0663,EV0528,2024-02-24,AC Service,19591,26583,Baglung,Authorized Center,TECH018,3.7
SRV0664,EV0613,2022-07-07,Regular Service,8544,18939,Janakpur,Authorized Center,TECH010,3.7
SRV0665,EV0561,2024-05-18,Battery Check,32190,3073,Banepa,Authorized Center,TECH009,3.8
SRV0666,EV0238,2024-10-23,Body Repair,9143,7141,Biratnagar,Authorized Center,TECH010,5.0
SRV0667,EV0066,2022-01-14,Brake Service,27660,10364,Tikapur,Third Party,TECH013,4.4
SRV0668,EV0393,2024-10-31,Brake Service,3558,24299,Birgunj,Authorized Center,TECH010,4.8
SRV0669,EV0039,2022-11-02,Battery Check,9316,27638,Lamjung,Authorized Center,TECH027,4.9
SRV0670,EV0247,2024-01-28,Brake Service,41583,13444,Gaur,Authorized Center,TECH029,3.9
SRV0671,EV0360,2023-08-04,Battery Check,49683,24684,Mahendranagar,Third Party,TECH013,4.4
SRV0672,EV0318,2022-10-09,AC Service,28865,20613,Jaleshwor,Authorized Center,TECH020,3.8
SRV0673,EV0166,2023-04-03,Regular Service,5229,14031,Gorkha,Third Party,TECH002,3.6
SRV0674,EV0074,2022-12-07,Battery Check,21420,2130,Kathmandu,Third Party,TECH005,4.8
SRV0675,EV0279,2023-01-11,Battery Check,49650,10449,Kathmandu,Authorized Center,TECH013,4.5
SRV0676,EV0497,2024-09-11,Regular Service,41693,25404,Dhangadhi,Third Party,TECH016,3.7
SRV0677,EV0334,2023-01-21,AC Service,26291,1877,Mechinagar,Third Party,TECH007,4.1
SRV0678,EV0508,2023-06-28,Regular Service,27564,4173,Lahan,Authorized Center,TECH005,4.5
SRV0679,EV0172,2024-09-05,Body Repair,14577,24293,Rajbiraj,Authorized Center,TECH025,4.1
SRV0680,EV0208,2022-03-22,Regular Service,5229,25498,Dharan,Authorized Center,TECH014,4.7
SRV0681,EV0087,2023-06-27,Tire Replacement,27315,12008,Birendranagar,Third Party,TECH023,4.9
SRV0682,EV0185,2022-08-16,Software Update,3731,10079,Panauti,Third Party,TECH012,4.2
SRV0683,EV0642,2024-04-09,Body Repair,40830,4328,Waling,Third Party,TECH011,4.8
SRV0684,EV0506,2022-05-26,Regular Service,31303,11444,Hetauda,Third Party,TECH011,4.5
SRV0685,EV0412,2022-05-17,Software Update,32065,18627,Lahan,Authorized Center,TECH004,3.6
SRV0686,EV0478,2023-06-23,AC Service,43824,7195,Nepalgunj,Authorized Center,TECH008,4.0
SRV0687,EV0304,2024-06-30,Brake Service,36556,3586,Dhangadhi,Third Party,TECH019,3.8
SRV0688,EV0475,2024-10-17,Body Repair,44731,6632,Dharan,Third Party,TECH015,4.5
SRV0689,EV0010,2022-06-13,Regular Service,36670,3330,Nepalgunj,Authorized Center,TECH026,4.9
SRV0690,EV0317,2023-12-13,Body Repair,2517,8536,Butwal,Authorized Center,TECH021,4.1
SRV0691,EV0606,2023-12-17,Body Repair,41905,29704,Hetauda,Authorized Center,TECH018,5.0
SRV0692,EV0699,2023-06-06,Battery Check,25536,21740,Birtamod,Third Party,TECH013,4.7
SRV0693,EV0216,2023-02-11,Body Repair,25106,9826,Nepalgunj,Authorized Center,TECH022,5.0
SRV0694,EV0233,2022-01-11,Regular Service,40472,1363,Panauti,Third Party,TECH016,3.6
SRV0695,EV0317,2022-07-27,Tire Replacement,14967,19546,Butwal,Authorized Center,TECH025,4.2
SRV0696,EV0028,2023-06-12,Regular Service,5119,24076,Kapilvastu,Authorized Center,TECH013,4.7
SRV0697,EV0299,2023-03-12,Body Repair,23313,9708,Jaleshwor,Third Party,TECH013,3.8
SRV0698,EV0652,2023-08-17,Body Repair,5430,27313,Bhaktapur,Third Party,TECH018,3.7
SRV0699,EV0370,2022-11-18,Tire Replacement,4640,17337,Baglung,Third Party,TECH025,4.5
SRV0700,EV0175,2022-01-18,Tire Replacement,12978,20859,Dhulikhel,Authorized Center,TECH010,5.0
SRV0701,EV0532,2023-12-20,Battery Check,22443,18937,Birtamod,Third Party,TECH022,4.6
SRV0702,EV0006,2024-01-25,Regular Service,13100,13539,Kathmandu,Third Party,TECH001,3.6
SRV0703,EV0382,2023-09-02,Body Repair,16086,4502,Dharan,Third Party,TECH019,3.7
SRV0704,EV0215,2023-03-24,Battery Check,4584,25650,Tulsipur,Third Party,TECH024,4.1
SRV0705,EV0466,2022-06-14,Software Update,9589,1868,Butwal,Third Party,TECH014,3.7
SRV0706,EV0458,2022-12-02,Regular Service,5306,22330,Bhairahawa,Authorized Center,TECH010,3.7
SRV0707,EV0477,2022-01-12,Brake Service,5597,10518,Gorkha,Authorized Center,TECH018,4.4
SRV0708,EV0693,2022-04-28,Brake Service,38717,8846,Gorkha,Third Party,TECH006,3.5
SRV0709,EV0292,2024-10-17,Software Update,33071,8692,Beni,Third Party,TECH026,4.6
SRV0710,EV0566,2022-12-13,Tire Replacement,30740,11219,Pokhara,Authorized Center,TECH013,4.3
SRV0711,EV0348,2023-08-21,Regular Service,6107,17600,Banepa,Third Party,TECH008,4.8
SRV0712,EV0105,2023-01-19,AC Service,25251,4172,Tulsipur,Authorized Center,TECH007,4.9
SRV0713,EV0540,2023-03-11,Software Update,14787,23407,Rajbiraj,Third Party,TECH014,3.6
SRV0714,EV0360,2022-01-11,Regular Service,12092,4263,Mahendranagar,Authorized Center,TECH013,3.6
SRV0715,EV0546,2024-02-17,Regular Service,39863,20972,Janakpur,Authorized Center,TECH011,4.5
SRV0716,EV0348,2023-06-11,AC Service,24046,14007,Banepa,Third Party,TECH028,4.5
SRV0717,EV0337,2023-09-02,AC Service,12047,16631,Attariya,Authorized Center,TECH008,3.8
SRV0718,EV0696,2024-12-24,AC Service,15204,27825,Lamjung,Authorized Center,TECH021,4.6
SRV0719,EV0378,2022-11-04,AC Service,40113,25281,Dhangadhi,Third Party,TECH005,4.5
SRV0720,EV0314,2024-08-11,Body Repair,31140,2943,Janakpur,Third Party,TECH027,4.1
SRV0721,EV0589,2023-08-07,Battery Check,47651,16057,Tulsipur,Authorized Center,TECH023,4.6
SRV0722,EV0205,2023-07-02,Brake Service,12655,28300,Kirtipur,Authorized Center,TECH008,4.4
SRV0723,EV0447,2022-02-15,Body Repair,20002,25211,Dailekh,Third Party,TECH020,4.5
SRV0724,EV0075,2024-12-11,Battery Check,19462,9477,Birendranagar,Third Party,TECH003,4.4
SRV0725,EV0552,2023-06-21,Battery Check,16844,27381,Baglung,Authorized Center,TECH026,4.6
SRV0726,EV0437,2023-05-27,AC Service,49711,17699,Tulsipur,Third Party,TECH022,4.8
SRV0727,EV0667,2023-09-19,Brake Service,41200,23708,Bhaktapur,Third Party,TECH030,3.7
SRV0728,EV0595,2022-03-03,Body Repair,34685,15967,Waling,Third Party,TECH016,4.9
SRV0729,EV0679,2022-02-27,Tire Replacement,40847,23673,Tulsipur,Third Party,TECH027,4.0
SRV0730,EV0052,2022-12-23,Battery Check,48216,25268,Mahendranagar,Third Party,TECH014,4.4
SRV0731,EV0638,2022-06-16,Battery Check,46365,23821,Lahan,Third Party,TECH014,3.8
SRV0732,EV0208,2024-12-25,Body Repair,40521,27134,Dharan,Authorized Center,TECH029,5.0
SRV0733,EV0131,2023-09-16,Brake Service,11362,25427,Dharan,Authorized Center,TECH027,4.6
SRV0734,EV0354,2023-05-23,Software Update,17921,21435,Baglung,Authorized Center,TECH013,4.2
SRV0735,EV0026,2023-02-05,Battery Check,7574,23204,Kapilvastu,Third Party,TECH015,4.3
SRV0736,EV0285,2023-03-08,Body Repair,43299,9010,Bharatpur,Authorized Center,TECH016,4.5
SRV0737,EV0676,2023-10-22,Brake Service,19810,27664,Itahari,Authorized Center,TECH017,4.3
SRV0738,EV0001,2022-09-24,Brake Service,6947,22105,Lalitpur,Third Party,TECH023,3.5
SRV0739,EV0346,2023-06-18,Brake Service,33118,15626,Bhaktapur,Third Party,TECH004,4.6
SRV0740,EV0141,2023-01-22,Brake Service,16345,6901,Madhyapur Thimi,Authorized Center,TECH027,4.3
SRV0741,EV0021,2023-04-22,Tire Replacement,26528,19893,Bharatpur,Authorized Center,TECH003,4.9
SRV0742,EV0126,2022-07-07,Tire Replacement,37563,20830,Madhyapur Thimi,Authorized Center,TECH028,3.8
SRV0743,EV0319,2023-10-27,AC Service,13899,1781,Banepa,Authorized Center,TECH029,4.7
SRV0744,EV0658,2023-04-16,Battery Check,21712,17996,Kathmandu,Authorized Center,TECH017,4.8
SRV0745,EV0404,2024-06-20,AC Service,39932,22076,Nepalgunj,Authorized Center,TECH022,4.8
SRV0746,EV0306,2023-11-04,Tire Replacement,17640,9543,Mechinagar,Authorized Center,TECH004,3.7
SRV0747,EV0211,2023-12-14,Tire Replacement,30343,13626,Birtamod,Authorized Center,TECH023,4.8
SRV0748,EV0193,2022-09-04,Body Repair,8031,23832,Dhangadhi,Authorized Center,TECH008,4.1
SRV0749,EV0414,2022-10-08,Regular Service,37140,11750,Jumla,Authorized Center,TECH002,4.3
SRV0750,EV0282,2023-09-18,Brake Service,44551,27705,Baglung,Authorized Center,TECH020,4.3
SRV0751,EV0385,2022-11-02,Body Repair,8843,27768,Butwal,Authorized Center,TECH017,4.7
SRV0752,EV0665,2024-12-07,Software Update,38177,9738,Kirtipur,Third Party,TECH016,3.8
SRV0753,EV0575,2022-09-08,Body Repair,5052,20509,Panauti,Third Party,TECH006,4.6
SRV0754,EV0240,2023-03-04,Battery Check,49728,29630,Attariya,Authorized Center,TECH025,4.6
SRV0755,EV0471,2023-04-26,AC Service,26106,23138,Attariya,Third Party,TECH021,4.8
SRV0756,EV0517,2022-12-28,Regular Service,47881,16965,Gorkha,Third Party,TECH030,4.5
SRV0757,EV0110,2022-12-13,Battery Check,47319,20748,Dhangadhi,Third Party,TECH017,4.8
SRV0758,EV0195,2024-10-25,Body Repair,26214,5822,Tulsipur,Third Party,TECH018,3.8
SRV0759,EV0458,2023-01-30,Body Repair,13696,17645,Bhairahawa,Third Party,TECH030,4.2
SRV0760,EV0529,2023-02-02,Body Repair,24837,18825,Tulsipur,Authorized Center,TECH010,4.2
SRV0761,EV0040,2024-07-12,Software Update,19096,16495,Dhulikhel,Authorized Center,TECH006,4.2
SRV0762,EV0417,2022-01-30,Battery Check,9219,28268,Dharan,Third Party,TECH009,3.6
SRV0763,EV0200,2023-07-10,Regular Service,2701,25235,Janakpur,Third Party,TECH029,4.9
SRV0764,EV0593,2022-03-07,Software Update,30033,5758,Kirtipur,Authorized Center,TECH024,4.5
SRV0765,EV0556,2023-07-04,Software Update,21586,12786,Kapilvastu,Third Party,TECH027,4.0
SRV0766,EV0475,2022-04-02,Battery Check,12757,9454,Dharan,Third Party,TECH005,4.8
SRV0767,EV0197,2024-12-05,Brake Service,8317,24919,Hetauda,Third Party,TECH021,3.9
SRV0768,EV0487,2023-05-15,AC Service,14197,6276,Mechinagar,Third Party,TECH010,4.5
SRV0769,EV0243,2024-12-07,Tire Replacement,46191,7769,Lahan,Third Party,TECH030,4.4
SRV0770,EV0611,2024-07-25,Brake Service,13703,20101,Bhaktapur,Authorized Center,TECH018,5.0
SRV0771,EV0183,2023-07-24,Battery Check,46575,10381,Lalitpur,Authorized Center,TECH027,4.7
SRV0772,EV0560,2024-06-04,Brake Service,39170,28913,Biratnagar,Third Party,TECH005,4.7
SRV0773,EV0458,2023-08-16,Tire Replacement,32488,11140,Bhairahawa,Third Party,TECH013,3.6
SRV0774,EV0409,2024-10-03,Body Repair,42843,12192,Waling,Authorized Center,TECH010,4.0
SRV0775,EV0593,2022-05-09,AC Service,25656,27832,Kirtipur,Authorized Center,TECH030,3.7
SRV0776,EV0406,2023-09-13,Brake Service,19397,9569,Rajbiraj,Third Party,TECH021,4.8
SRV0777,EV0021,2024-07-06,AC Service,24484,3868,Bharatpur,Third Party,TECH027,4.8
SRV0778,EV0053,2024-06-10,Tire Replacement,23820,8027,Nepalgunj,Authorized Center,TECH006,3.7
SRV0779,EV0372,2023-07-08,AC Service,34090,10874,Rajbiraj,Authorized Center,TECH022,4.4
SRV0780,EV0252,2022-09-20,Brake Service,45949,21436,Itahari,Authorized Center,TECH026,3.6
SRV0781,EV0425,2023-04-30,Battery Check,38327,28446,Hetauda,Authorized Center,TECH004,4.7
SRV0782,EV0019,2022-02-18,Battery Check,16815,13645,Tansen,Authorized Center,TECH025,3.8
SRV0783,EV0084,2022-09-30,Brake Service,47336,19764,Bhaktapur,Authorized Center,TECH007,4.6
SRV0784,EV0500,2023-12-29,Body Repair,25607,10264,Nepalgunj,Third Party,TECH029,3.9
SRV0785,EV0058,2022-06-15,AC Service,18960,29829,Jumla,Authorized Center,TECH029,4.9
SRV0786,EV0105,2024-06-08,Regular Service,36140,6096,Tulsipur,Authorized Center,TECH020,4.5
SRV0787,EV0583,2023-10-06,AC Service,45038,16469,Tulsipur,Authorized Center,TECH016,3.5
SRV0788,EV0137,2023-03-22,Software Update,20250,27131,Bhaktapur,Third Party,TECH003,4.9
SRV0789,EV0128,2024-10-08,Regular Service,45304,22026,Tansen,Authorized Center,TECH014,4.5
SRV0790,EV0569,2022-06-17,AC Service,33911,7855,Tulsipur,Authorized Center,TECH007,4.7
SRV0791,EV0222,2024-01-11,Regular Service,4527,27690,Hetauda,Third Party,TECH009,3.8
SRV0792,EV0472,2024-09-16,Tire Replacement,3761,22703,Bhaktapur,Authorized Center,TECH008,3.8
SRV0793,EV0212,2023-05-04,AC Service,26101,25954,Lalitpur,Third Party,TECH015,3.7
SRV0794,EV0118,2022-08-02,AC Service,31078,16620,Tansen,Third Party,TECH027,4.8
SRV0795,EV0131,2024-02-08,Tire Replacement,5466,3871,Dharan,Authorized Center,TECH017,3.8
SRV0796,EV0241,2023-11-30,Battery Check,2875,14005,Hetauda,Authorized Center,TECH020,3.6
SRV0797,EV0287,2023-07-21,Battery Check,5736,15354,Baglung,Authorized Center,TECH019,4.2
SRV0798,EV0172,2022-10-10,Body Repair,10493,25498,Rajbiraj,Authorized Center,TECH016,4.2
SRV0799,EV0038,2022-11-23,Software Update,9709,13018,Dhangadhi,Authorized Center,TECH010,4.0
SRV0800,EV0498,2024-02-08,Brake Service,40133,6876,Hetauda,Third Party,TECH001,4.8
SRV0801,EV0642,2022-11-20,Software Update,8076,13669,Waling,Third Party,TECH027,4.8
SRV0802,EV0281,2024-06-23,Brake Service,15526,21320,Banepa,Third Party,TECH003,4.7
SRV0803,EV0078,2022-02-18,Brake Service,28672,3601,Pokhara,Third Party,TECH015,4.8
SRV0804,EV0411,2022-12-07,AC Service,42132,10263,Biratnagar,Third Party,TECH028,4.6
SRV0805,EV0547,2022-09-01,Brake Service,18701,6398,Rajbiraj,Third Party,TECH024,4.5
SRV0806,EV0583,2024-05-01,Body Repair,43421,20033,Tulsipur,Authorized Center,TECH013,5.0
SRV0807,EV0181,2022-02-19,Brake Service,44754,28321,Birgunj,Authorized Center,TECH014,4.7
SRV0808,EV0387,2022-10-26,Brake Service,24191,24643,Nepalgunj,Third Party,TECH012,3.5
SRV0809,EV0124,2024-10-30,Battery Check,18613,12171,Kathmandu,Authorized Center,TECH009,4.0
SRV0810,EV0166,2022-12-20,Regular Service,38826,23925,Gorkha,Authorized Center,TECH013,4.8
SRV0811,EV0138,2024-12-21,AC Service,27409,13593,Attariya,Third Party,TECH012,4.6
SRV0812,EV0298,2023-05-21,Body Repair,6932,13787,Dhulikhel,Third Party,TECH007,4.6
SRV0813,EV0363,2024-04-16,Battery Check,36448,22250,Tansen,Authorized Center,TECH005,4.7
SRV0814,EV0360,2023-07-16,Battery Check,49592,4709,Mahendranagar,Authorized Center,TECH003,3.8
SRV0815,EV0413,2023-09-28,Battery Check,29101,6186,Jaleshwor,Authorized Center,TECH002,4.0
SRV0816,EV0271,2024-09-20,Tire Replacement,10533,19215,Lalitpur,Third Party,TECH002,4.7
SRV0817,EV0186,2024-09-17,Body Repair,41960,10441,Kirtipur,Authorized Center,TECH015,4.5
SRV0818,EV0158,2024-07-30,Battery Check,18149,7214,Gaur,Third Party,TECH002,4.4
SRV0819,EV0161,2022-07-11,AC Service,46423,17331,Butwal,Third Party,TECH011,4.6
SRV0820,EV0177,2024-09-24,Tire Replacement,26616,17963,Lalitpur,Third Party,TECH011,3.7
SRV0821,EV0311,2023-05-09,Regular Service,12457,2098,Bharatpur,Authorized Center,TECH027,3.8
SRV0822,EV0323,2024-07-01,Software Update,15586,2334,Madhyapur Thimi,Authorized Center,TECH029,4.8
SRV0823,EV0571,2024-04-08,Battery Check,10338,4922,Gorkha,Third Party,TECH005,4.5
SRV0824,EV0193,2022-08-21,Brake Service,43173,16037,Dhangadhi,Authorized Center,TECH007,4.3
SRV0825,EV0680,2024-11-16,Brake Service,37755,8294,Butwal,Authorized Center,TECH009,3.7
SRV0826,EV0013,2024-06-19,Body Repair,47210,8882,Dharan,Third Party,TECH018,3.8
SRV0827,EV0164,2023-03-31,Tire Replacement,17185,5847,Lamjung,Third Party,TECH015,4.5
SRV0828,EV0541,2022-08-07,Body Repair,23485,17168,Damak,Authorized Center,TECH006,3.7
SRV0829,EV0385,2024-10-17,AC Service,15577,18941,Butwal,Third Party,TECH019,5.0
SRV0830,EV0684,2022-08-18,Tire Replacement,36355,17612,Birgunj,Third Party,TECH024,4.5
SRV0831,EV0061,2023-04-21,Brake Service,5187,8363,Bharatpur,Third Party,TECH019,4.7
SRV0832,EV0123,2023-07-30,Battery Check,31176,22661,Lalitpur,Third Party,TECH012,4.5
SRV0833,EV0492,2022-12-06,Brake Service,14528,9198,Birendranagar,Third Party,TECH027,4.5
SRV0834,EV0627,2024-09-07,AC Service,24677,23770,Janakpur,Third Party,TECH011,4.2
SRV0835,EV0204,2024-11-28,Brake Service,40883,21857,Gaur,Third Party,TECH024,4.6
SRV0836,EV0291,2024-11-19,Software Update,14591,11111,Tansen,Authorized Center,TECH009,4.7
SRV0837,EV0646,2024-07-26,Regular Service,6363,7218,Dailekh,Authorized Center,TECH003,3.8
SRV0838,EV0616,2024-08-04,Tire Replacement,48252,8147,Lahan,Third Party,TECH006,3.7
SRV0839,EV0698,2022-10-17,Brake Service,44113,23524,Mahendranagar,Third Party,TECH016,4.6
SRV0840,EV0560,2023-05-21,AC Service,21219,26716,Biratnagar,Third Party,TECH018,3.9
SRV0841,EV0069,2022-08-04,Software Update,30727,6943,Attariya,Third Party,TECH003,3.7
SRV0842,EV0410,2022-03-12,Regular Service,28817,26947,Mechinagar,Third Party,TECH015,4.9
SRV0843,EV0121,2024-02-10,AC Service,49999,20025,Hetauda,Authorized Center,TECH014,3.9
SRV0844,EV0501,2022-08-20,Body Repair,49051,21402,Bharatpur,Third Party,TECH005,4.4
SRV0845,EV0080,2022-06-17,Tire Replacement,5559,16659,Janakpur,Authorized Center,TECH001,4.1
SRV0846,EV0563,2022-09-02,Regular Service,15623,9711,Birtamod,Third Party,TECH016,4.9
SRV0847,EV0173,2023-07-15,AC Service,9159,16308,Pokhara,Third Party,TECH001,4.4
SRV0848,EV0074,2023-12-16,Battery Check,34140,13212,Kathmandu,Authorized Center,TECH022,4.4
SRV0849,EV0229,2023-05-26,Regular Service,12902,2013,Dhulikhel,Third Party,TECH007,3.7
SRV0850,EV0353,2023-02-04,Body Repair,17135,22589,Lahan,Authorized Center,TECH023,4.3
SRV0851,EV0116,2022-12-11,Software Update,8545,27223,Lamjung,Authorized Center,TECH024,4.2
SRV0852,EV0044,2024-11-15,Tire Replacement,19486,20952,Mahendranagar,Third Party,TECH010,3.6
SRV0853,EV0008,2024-08-22,Software Update,37547,25363,Lalitpur,Authorized Center,TECH005,4.2
SRV0854,EV0087,2024-08-01,AC Service,15866,21820,Birendranagar,Authorized Center,TECH001,4.0
SRV0855,EV0210,2023-10-05,Brake Service,41811,9998,Mahendranagar,Third Party,TECH026,3.8
SRV0856,EV0309,2022-05-05,Body Repair,40004,13233,Madhyapur Thimi,Authorized Center,TECH018,4.9
SRV0857,EV0234,2022-03-06,Tire Replacement,5987,5609,Dailekh,Authorized Center,TECH018,3.8
SRV0858,EV0401,2022-11-17,Regular Service,21758,12050,Mahendranagar,Authorized Center,TECH020,4.3
SRV0859,EV0122,2024-04-22,Body Repair,6006,11736,Bhaktapur,Authorized Center,TECH001,3.7
SRV0860,EV0500,2023-09-26,AC Service,26078,28211,Nepalgunj,Third Party,TECH014,4.5
SRV0861,EV0085,2024-12-10,Tire Replacement,2586,23646,Pokhara,Authorized Center,TECH029,3.6
SRV0862,EV0581,2023-09-09,Regular Service,3734,7249,Jaleshwor,Third Party,TECH009,3.8
SRV0863,EV0503,2022-08-10,AC Service,34671,25545,Dailekh,Authorized Center,TECH021,4.9
SRV0864,EV0526,2024-08-04,Body Repair,46680,12501,Banepa,Third Party,TECH006,4.7
SRV0865,EV0676,2022-12-30,Software Update,47715,1415,Itahari,Third Party,TECH019,3.8
SRV0866,EV0076,2024-08-14,Body Repair,27410,4810,Jaleshwor,Authorized Center,TECH008,4.9
SRV0867,EV0661,2022-09-07,Software Update,20421,10610,Waling,Authorized Center,TECH015,4.6
SRV0868,EV0271,2022-07-23,Software Update,25415,22348,Lalitpur,Third Party,TECH028,4.0
SRV0869,EV0118,2023-03-30,Software Update,4462,1047,Tansen,Authorized Center,TECH007,3.5
SRV0870,EV0576,2022-08-04,Body Repair,47031,3357,Banepa,Third Party,TECH008,3.8
SRV0871,EV0297,2023-04-17,Software Update,21062,10868,Birgunj,Authorized Center,TECH005,4.0
SRV0872,EV0647,2024-11-09,Body Repair,2852,16509,Nepalgunj,Authorized Center,TECH001,3.5
SRV0873,EV0497,2024-02-05,Body Repair,9369,25158,Dhangadhi,Authorized Center,TECH023,4.1
SRV0874,EV0602,2023-11-08,Regular Service,14093,2249,Nepalgunj,Authorized Center,TECH003,3.6
SRV0875,EV0156,2023-01-05,Regular Service,43915,20093,Mahendranagar,Authorized Center,TECH025,4.3
SRV0876,EV0385,2024-07-30,Body Repair,9200,21074,Butwal,Third Party,TECH005,4.2
SRV0877,EV0024,2022-04-06,Battery Check,28838,15806,Kathmandu,Third Party,TECH008,4.0
SRV0878,EV0273,2024-04-24,Software Update,29306,1051,Kirtipur,Third Party,TECH023,4.2
SRV0879,EV0215,2022-03-24,AC Service,21528,18885,Tulsipur,Third Party,TECH002,4.5
SRV0880,EV0653,2022-04-24,AC Service,25394,26187,Rajbiraj,Authorized Center,TECH011,4.9
SRV0881,EV0422,2023-09-22,Brake Service,43588,17042,Kirtipur,Authorized Center,TECH018,5.0
SRV0882,EV0569,2023-01-01,Tire Replacement,48969,14216,Tulsipur,Third Party,TECH028,3.8
SRV0883,EV0610,2022-06-29,Body Repair,32081,13561,Panauti,Authorized Center,TECH023,4.4
SRV0884,EV0361,2022-05-07,Body Repair,32452,26465,Waling,Third Party,TECH029,3.5
SRV0885,EV0464,2024-12-29,Battery Check,9358,21856,Kapilvastu,Third Party,TECH006,4.0
SRV0886,EV0033,2024-01-21,Battery Check,25206,12499,Dailekh,Authorized Center,TECH026,5.0
SRV0887,EV0017,2023-05-11,AC Service,8899,15996,Birtamod,Authorized Center,TECH001,4.5
SRV0888,EV0676,2022-02-18,Software Update,22714,22157,Itahari,Authorized Center,TECH028,5.0
SRV0889,EV0329,2024-03-11,Brake Service,36309,11494,Birgunj,Third Party,TECH006,4.0
SRV0890,EV0648,2023-03-20,Tire Replacement,3808,14654,Pokhara,Third Party,TECH012,4.5
SRV0891,EV0314,2024-12-22,Battery Check,12634,17267,Janakpur,Authorized Center,TECH028,4.8
SRV0892,EV0516,2024-11-03,Software Update,41012,16075,Jaleshwor,Authorized Center,TECH014,4.5
SRV0893,EV0679,2024-04-27,Software Update,14192,9303,Tulsipur,Third Party,TECH027,3.7
SRV0894,EV0555,2022-05-05,Brake Service,49849,5016,Janakpur,Third Party,TECH008,3.6
SRV0895,EV0191,2024-02-23,Regular Service,45618,24057,Dharan,Third Party,TECH007,4.2
SRV0896,EV0430,2022-08-24,Regular Service,26957,3761,Butwal,Authorized Center,TECH008,4.7
SRV0897,EV0359,2023-03-19,Regular Service,19366,21714,Janakpur,Third Party,TECH019,4.5
SRV0898,EV0470,2023-03-12,Battery Check,33991,24174,Itahari,Authorized Center,TECH028,3.8
SRV0899,EV0064,2022-06-23,Software Update,31414,17122,Jaleshwor,Authorized Center,TECH028,4.0
SRV0900,EV0324,2023-08-13,Tire Replacement,22156,14588,Kapilvastu,Authorized Center,TECH020,4.2
SRV0901,EV0158,2024-08-26,Brake Service,3839,28385,Gaur,Third Party,TECH018,4.1
SRV0902,EV0057,2024-08-31,Body Repair,35015,17105,Tansen,Third Party,TECH029,4.7
SRV0903,EV0420,2023-10-12,Brake Service,12177,17431,Bhairahawa,Third Party,TECH011,3.8
SRV0904,EV0683,2024-11-11,Tire Replacement,38302,11274,Rajbiraj,Authorized Center,TECH008,4.5
SRV0905,EV0543,2023-02-07,Tire Replacement,9857,9281,Gorkha,Authorized Center,TECH022,3.8
SRV0906,EV0019,2024-09-21,AC Service,40412,27287,Tansen,Authorized Center,TECH012,4.4
SRV0907,EV0378,2022-11-11,AC Service,17832,8663,Dhangadhi,Third Party,TECH027,4.0
SRV0908,EV0280,2023-06-23,Software Update,6500,11490,Janakpur,Authorized Center,TECH023,4.7
SRV0909,EV0140,2024-10-27,Battery Check,27668,1433,Gaur,Authorized Center,TECH013,4.7
SRV0910,EV0209,2023-11-15,AC Service,42309,24954,Damak,Authorized Center,TECH029,4.7
SRV0911,EV0436,2023-03-22,AC Service,40158,7562,Madhyapur Thimi,Authorized Center,TECH003,4.7
SRV0912,EV0351,2024-01-12,Regular Service,39410,1926,Dharan,Authorized Center,TECH027,3.5
SRV0913,EV0100,2023-07-29,Tire Replacement,12377,7590,Waling,Authorized Center,TECH026,4.9
SRV0914,EV0367,2023-03-29,Regular Service,10184,20820,Butwal,Third Party,TECH021,4.7
SRV0915,EV0504,2023-08-29,Tire Replacement,36412,10146,Jaleshwor,Third Party,TECH015,4.2
SRV0916,EV0054,2022-12-30,Software Update,10048,27331,Banepa,Third Party,TECH020,3.8
SRV0917,EV0297,2022-12-25,Tire Replacement,18902,29548,Birgunj,Authorized Center,TECH016,3.9
SRV0918,EV0697,2022-12-07,Tire Replacement,31323,6865,Rajbiraj,Authorized Center,TECH022,4.8
SRV0919,EV0545,2022-04-18,AC Service,49235,16671,Beni,Authorized Center,TECH015,3.9
SRV0920,EV0159,2023-07-13,Battery Check,4266,16915,Hetauda,Authorized Center,TECH030,4.4
SRV0921,EV0225,2022-08-12,Tire Replacement,31635,28062,Jaleshwor,Third Party,TECH005,4.3
SRV0922,EV0516,2024-06-25,AC Service,35222,11390,Jaleshwor,Authorized Center,TECH018,4.2
SRV0923,EV0365,2023-03-28,Body Repair,24286,5503,Bhaktapur,Third Party,TECH014,4.3
SRV0924,EV0109,2022-05-18,AC Service,5020,26592,Kirtipur,Authorized Center,TECH026,4.9
SRV0925,EV0678,2024-05-16,AC Service,45091,5390,Kapilvastu,Authorized Center,TECH012,3.7
SRV0926,EV0643,2023-06-20,Tire Replacement,33647,6046,Lamjung,Third Party,TECH015,3.8
SRV0927,EV0119,2023-04-09,Body Repair,7516,18610,Hetauda,Third Party,TECH015,4.7
SRV0928,EV0159,2024-01-20,Software Update,13028,11503,Hetauda,Authorized Center,TECH008,4.1
SRV0929,EV0229,2023-06-11,Brake Service,41050,23899,Dhulikhel,Third Party,TECH024,3.9
SRV0930,EV0126,2023-02-03,Brake Service,38948,21360,Madhyapur Thimi,Authorized Center,TECH005,3.5
SRV0931,EV0460,2023-01-22,Tire Replacement,23802,17164,Birtamod,Authorized Center,TECH012,4.8
SRV0932,EV0509,2022-06-30,AC Service,6673,26960,Rajbiraj,Authorized Center,TECH023,4.7
SRV0933,EV0424,2024-07-01,Brake Service,9378,7620,Lamjung,Third Party,TECH010,4.3
SRV0934,EV0497,2023-10-28,Software Update,49796,21215,Dhangadhi,Third Party,TECH021,4.8
SRV0935,EV0166,2024-08-15,Brake Service,19538,3959,Gorkha,Authorized Center,TECH016,4.8
SRV0936,EV0582,2023-04-08,Regular Service,39854,10517,Dailekh,Authorized Center,TECH003,4.1
SRV0937,EV0479,2024-02-27,Tire Replacement,13124,12797,Baglung,Third Party,TECH029,4.3
SRV0938,EV0324,2023-03-20,Brake Service,29348,3339,Kapilvastu,Third Party,TECH011,5.0
SRV0939,EV0187,2024-05-29,AC Service,40773,14177,Butwal,Third Party,TECH005,4.5
SRV0940,EV0681,2023-06-10,Battery Check,39360,9141,Banepa,Third Party,TECH027,4.0
SRV0941,EV0375,2022-06-17,Tire Replacement,46522,16332,Waling,Third Party,TECH021,4.9
SRV0942,EV0170,2023-08-16,Software Update,25502,20055,Attariya,Third Party,TECH002,4.2
SRV0943,EV0480,2023-01-22,AC Service,47928,1582,Madhyapur Thimi,Third Party,TECH003,4.1
SRV0944,EV0130,2024-07-09,Brake Service,11753,22759,Birtamod,Third Party,TECH023,4.0
SRV0945,EV0237,2023-01-18,Software Update,19882,8433,Baglung,Third Party,TECH011,3.8
SRV0946,EV0401,2023-04-30,AC Service,45527,3955,Mahendranagar,Third Party,TECH028,4.6
SRV0947,EV0658,2024-12-17,Body Repair,46893,26283,Kathmandu,Authorized Center,TECH015,4.9
SRV0948,EV0302,2023-09-28,Software Update,12769,10459,Kirtipur,Third Party,TECH005,4.6
SRV0949,EV0686,2022-03-30,Software Update,23041,5969,Mechinagar,Third Party,TECH022,4.1
SRV0950,EV0289,2022-04-08,Battery Check,19449,3719,Dhulikhel,Authorized Center,TECH006,4.1
SRV0951,EV0141,2024-01-11,Battery Check,25941,24779,Madhyapur Thimi,Third Party,TECH020,4.7
SRV0952,EV0162,2022-10-08,Battery Check,19845,28941,Rajbiraj,Third Party,TECH022,4.2
SRV0953,EV0502,2022-06-17,Brake Service,46717,25526,Lalitpur,Third Party,TECH027,4.2
SRV0954,EV0250,2022-10-29,Software Update,5337,1867,Janakpur,Third Party,TECH012,4.8
SRV0955,EV0119,2024-11-14,Body Repair,31626,16317,Hetauda,Third Party,TECH004,5.0
SRV0956,EV0114,2024-01-17,Battery Check,6603,3148,Bhaktapur,Authorized Center,TECH012,4.8
SRV0957,EV0571,2023-12-06,Body Repair,31724,7917,Gorkha,Third Party,TECH018,4.4
SRV0958,EV0463,2022-07-03,Body Repair,9498,8155,Banepa,Third Party,TECH030,4.3
SRV0959,EV0326,2024-12-02,AC Service,47356,26376,Bharatpur,Third Party,TECH007,4.3
SRV0960,EV0679,2023-02-13,Body Repair,36150,12085,Tulsipur,Authorized Center,TECH001,3.9
SRV0961,EV0540,2024-08-28,Body Repair,11095,24440,Rajbiraj,Authorized Center,TECH022,4.3
SRV0962,EV0307,2022-10-23,Body Repair,37581,26944,Dailekh,Third Party,TECH002,4.2
SRV0963,EV0286,2023-10-06,AC Service,7873,7042,Jaleshwor,Third Party,TECH016,3.6
SRV0964,EV0644,2023-04-19,Battery Check,6547,29978,Kathmandu,Third Party,TECH030,4.1
SRV0965,EV0446,2024-11-26,AC Service,43154,26580,Dhulikhel,Authorized Center,TECH024,3.7
SRV0966,EV0101,2022-08-07,Tire Replacement,49157,28085,Mahendranagar,Third Party,TECH014,3.6
SRV0967,EV0041,2022-10-23,Software Update,16172,16464,Janakpur,Third Party,TECH014,4.1
SRV0968,EV0204,2023-11-22,Brake Service,12544,20975,Gaur,Authorized Center,TECH008,3.5
SRV0969,EV0012,2024-10-24,Brake Service,35242,6301,Damak,Third Party,TECH022,3.9
SRV0970,EV0013,2023-06-24,Regular Service,26163,14810,Dharan,Authorized Center,TECH025,4.6
SRV0971,EV0698,2023-05-01,Tire Replacement,34434,29782,Mahendranagar,Third Party,TECH013,4.6
SRV0972,EV0414,2022-05-11,AC Service,37147,21360,Jumla,Third Party,TECH002,4.1
SRV0973,EV0500,2024-06-04,Software Update,42214,8118,Nepalgunj,Third Party,TECH030,4.9
SRV0974,EV0537,2024-01-13,Battery Check,30046,18523,Lalitpur,Authorized Center,TECH013,4.1
SRV0975,EV0544,2024-07-14,Software Update,22752,22524,Lamjung,Authorized Center,TECH003,4.4
SRV0976,EV0149,2023-12-29,Body Repair,27513,22467,Bhaktapur,Authorized Center,TECH026,4.7
SRV0977,EV0672,2022-04-03,Brake Service,46017,14738,Attariya,Third Party,TECH026,3.9
SRV0978,EV0236,2022-12-28,AC Service,36327,21524,Tikapur,Third Party,TECH019,4.3
SRV0979,EV0674,2023-05-14,Software Update,10614,2595,Gaur,Authorized Center,TECH027,4.6
SRV0980,EV0550,2024-05-30,Body Repair,39323,20448,Baglung,Third Party,TECH002,4.6
SRV0981,EV0478,2023-01-20,Body Repair,45999,18363,Nepalgunj,Authorized Center,TECH022,4.9
SRV0982,EV0289,2024-02-14,Body Repair,26911,12940,Dhulikhel,Authorized Center,TECH024,4.8
SRV0983,EV0080,2023-08-17,Body Repair,32805,1754,Janakpur,Third Party,TECH015,4.0
SRV0984,EV0290,2024-06-06,Brake Service,37339,12695,Gaur,Authorized Center,TECH006,3.9
SRV0985,EV0464,2024-05-21,Tire Replacement,9402,5761,Kapilvastu,Third Party,TECH013,4.2
SRV0986,EV0337,2024-12-28,Tire Replacement,13857,7649,Attariya,Authorized Center,TECH017,4.0
SRV0987,EV0603,2022-11-02,Body Repair,33554,11348,Panauti,Third Party,TECH009,4.3
SRV0988,EV0251,2024-05-09,Battery Check,34876,9092,Banepa,Authorized Center,TECH003,3.6
SRV0989,EV0628,2022-12-06,AC Service,5366,14094,Pokhara,Third Party,TECH009,3.7
SRV0990,EV0678,2024-12-14,Tire Replacement,22333,7100,Kapilvastu,Third Party,TECH007,4.9
SRV0991,EV0087,2024-01-26,AC Service,3359,11486,Birendranagar,Third Party,TECH001,4.1
SRV0992,EV0251,2024-04-18,Body Repair,23096,10217,Banepa,Third Party,TECH002,4.5
SRV0993,EV0619,2024-09-13,AC Service,49622,29362,Madhyapur Thimi,Third Party,TECH010,4.0
SRV0994,EV0587,2022-05-07,Tire Replacement,10661,11395,Baglung,Authorized Center,TECH004,4.8
SRV0995,EV0492,2023-01-19,Battery Check,10462,1856,Birendranagar,Authorized Center,TECH005,3.7
SRV0996,EV0297,2023-10-01,Battery Check,29936,25531,Birgunj,Third Party,TECH010,4.3
SRV0997,EV0254,2023-07-19,Regular Service,9495,15667,Attariya,Third Party,TECH022,4.5
SRV0998,EV0266,2022-08-27,Battery Check,28822,26841,Nepalgunj,Third Party,TECH027,4.3
SRV0999,EV0453,2022-05-30,Software Update,21345,23325,Banepa,Authorized Center,TECH008,4.2
SRV1000,EV0310,2022-05-05,Regular Service,18376,17075,Panauti,Third Party,TECH003,4.2
